"js_id","js_kodesurvey","js_survey_id","js_pewawancara","js_pemeriksa","js_kode_responden","js_nama_responden","js_jawaban","js_foto","js_waktu","js_pengawas","js_surveyor","js_bukti","js_valid","js_status"
"1",,"1","Johan","Mr. Hand","KR-001","Mike","1:PT. Wijaya Karta;2:Jl. Pegangsaan Timur 19 No. 25;3:Kec. Jagakarsa;4:Kec. Jagakarsa;5:001;6:002;7:12111;8:Subkahn;9:Jl.  Kapt Tendean  01 11;10:08123011111;11:1. Laki-laki;12:1990;","1647931578523.jpg","2022-03-16 12:56:39",,"1",,"0","0"
"3",,"1","Johan","Mr. Bram","0003","Sholeh M","1:PT. Pratama Arjuna;2:Jl. Pegangsaan TImur 15;3:;4:;5:;6:;7:;8:;9:;10:;12:;","1647931578523.jpg","2022-03-22 13:46:18",,"1",,"0","0"
"4",,"1","Johan","Cek","Test 01","Nama Respn","1:PT. OKE 01;2:JL. OKE;3:;4:;5:;6:;7:;16:1 Cek;8:;9:oke;10:;11:3. Perempuan;12:2019;","1648730448037.jpg","2022-03-31 19:40:49",,"1",,"0","0"
"5",,"1","Johan","Mr Handoko","R-0112","PT. Alam","1:PT. Alam Abadi;2:Jl.;3:;4:;5:;6:;7:;8:;9:;10:;12:;","1649064847623.png","2022-04-04 16:34:08",,"1",,"0","0"
"6",,"1","Johan","aaaa","r1","verdi","1:chaakra;2:Dusun Batuan Barat RT. 004 RW.004, Kelurahan Batuan,Kecamatan Batuan, Sumenep, Jawa Timur;3:batuan;4:batuan;5:04;6:04;7:69451;14:game;8:verd;9:batuan;10:0866767234;11:3. Perempuan;12:2000;18:b;","1649136750503.png","2022-04-05 12:32:30",,"1",,"0","0"
"7","202200107","4","Johan",,,"verdi","22:;23:;24:;25:;26:;27:;28:;29:;30:;31:;34:;36:;37:;41:;43:;44:;50:;56:;58:;59:;60:;62:;63:;","1649150227586.png","2022-04-05 16:17:07",,"1",,"0","0"
"8","202200108","4","Lenny Supita Sari",,"L014","Ali Zainal ","22:Qaia Wedding Planner;23:Jl. Samanhudi No. 64 Kroman ;24:Gresik ;25:Kroman ;26:;27:;28:61115;29:Ali Zainal Abidin ;30:Jl Pahlawan Gg. 8 No.05;31:081230376955;32:Laki-laki;34:1989;35:6. S1, S2, S3;36:Ali Zainal Abidin;37:081230376955;38:Laki-laki;39:8. Tidak berbadan usaha;40:12. Pembuatan Aplikasi Komputer;41:2013;42:Tidak;43:7;44:8;45:1. Milik sendiri bersertifikat;46:Ya;47:Ya;49:Ya;50:Qaiaplanner.com;51:4. Tidak Ada;52:2. Nomor Induk Berusaha (NIB);56:0;58:50.000;59:;60:;62:;63:;64:Tidak;68:;69:;70:;71:;72:;73:3;74:;75:2;76:;77:;79:14.400;80:9.600;81:3.600;82:2.400;83:;84:;85:;86:;87:;88:;90:;91:;92:;93:;94:;95:;96:;97:;98:;99:;100:;101:;102:;103:;104:;105:;106:;107:;108:;109:;110:;111:;112:;113:;114:;115:;116:1. Pembayaran tunai,;118:24.000;119:24.000;120:;121:;122:;123:;128:6. Tidak berminat;129:a. Ya;130:3. Metode pemasaran/pejualan baru yang berbeda signifikan dari sebeumnya,;131:1. Usaha ini Sendiri;132:4. Meningkatkan pelayanan;133:2. Paten;134:7. Pemasaran,;135:9. Belum Pernah;140:4. Dukungan Promosi Untuk Peningkatan Produk/Jasa Usaha Anda;142:1. Promosi online;143:1. Ya;144:1. Digital Marketing;145:3. 5-6 hari;139:Kebijakan PPKM terutama pembatasan undangan pernikahan sangat mempengaruhi stabilitas usaha ;","1649262320063.jpg","2022-04-06 23:25:20",,"7",,"0","0"
"9","202200109","4","Khorina",,"K001","Asih","22:Asih Butik;23:Semolowaru 2 indah;24:Gresik;25:Gresik;26:2;27:4;28:68418;29:Asih;30:semolowaru 2 indah;31:081235264542;32:Perempuan;34:1992;35:6. S1, S2, S3;36:Asih;37:081235264542;38:Perempuan;39:8. Tidak berbadan usaha;40:7. Desain Fesyen;41:2019;42:Tidak;43:7;44:8;45:1. Milik sendiri bersertifikat;46:Ya;47:Ya;49:Tidak;50:;51:2. Ada, di Wilayah Jawa Timur;52:8. Belum memiliki Ijin Usaha;56:5.000;58:10.000;59:;60:;62:;63:;64:Tidak;68:;69:;70:;71:;72:;73:3;74:;75:;76:;77:;79:1.500;80:1,000;81:;82:;83:;84:;85:;86:;87:;88:;90:kain 2.000;91:kain ;92:100;93:100;94:1000;95:1000;96:;97:;98:2002;99:200;100:150;101:200;102:100;103:100;104:;105:;106:;107:;108:2000;109:2000;110:;111:;112:;113:;114:;115:;116:1. Pembayaran tunai,2. Pembyaran transfer,3. Pembayaran kartu,4. E-Wallet (Ovo, GoPay, Dana, dll),;118:200000;119:100000;120:;121:;122:5000;123:;125:2. 1-3 Tahun;126:1. Kredit usaha rakyat (KUR);127:4. BCA;129:a. Ya;130:3. Metode pemasaran/pejualan baru yang berbeda signifikan dari sebeumnya,;131:1. Usaha ini Sendiri;132:1. Pendapatan meningkat;133:5. Belum ada;134:1. Bahan baku,8. Lainnya,;135:9. Belum Pernah;140:1. Tidak menaikkan upah minimum Kabupaten dan Sektoral;142:1. Promosi online;143:2. Tidak;139:;","1649473303462.png","2022-04-09 10:01:43",,"13",,"0","0"
"10","202200110","4","Khorina",,"K23","verdi","1:chaakra;2:;3:;4:;5:;6:;7:;8:;9:;10:;13:;15:;16:;17:;21:;23:;24:;26:;31:;34:;39:;40:;41:;42:;43:;44:;45:;46:;47:;48:;50:;51:;52:;53:;54:;55:;56:;57:;58:;59:;61:;62:;63:;64:;65:;66:;67:;68:;69:;70:;71:;72:;73:;74:;75:;76:;77:;78:;79:;80:;81:;82:;83:;84:;85:;86:;88:;90:;91:;92:;93:;94:;95:;99:;101:;103:;108:;111:;114:;117:;120:;123:;126:;118:;","1649662376395.jpg","2022-04-11 14:32:56",,"13",,"0","0"
"11","202200111","4","Khorina",,"k34","verdy","1:;2:;3:;4:;5:;6:;7:;8:;9:;10:;13:;15:-;16:-;17:;21:;23:;24:;26:-;31:;34:;39:;40:;41:;42:;43:;44:;45:;46:;47:;48:;50:;51:;52:;53:;54:;55:;56:;57:;58:;59:;61:;62:;63:;64:;65:;66:;67:;68:;69:;70:;71:;72:;73:;74:;75:;76:;77:;78:;79:;80:;81:;82:;83:;84:;85:;86:;88:;90:;91:;92:;93:;94:;95:;99:;101:;103:;108:;111:;114:;117:;120:;123:;126:;118:;","1649662535507.png","2022-04-11 14:35:35",,"13",,"0","0"
"12","202200112","4","Khorina",,"002","Aku","1:Sunan giri;2:Jl.sunan giri gg18d;3:Kebomas;4:Sunan girih;5:2;6:3;7:;8:Aku;9:Sunan giri gg 18d;10:;11:Perempuan;13:1996;14:5. Akademi D1, D2, D3;15:;16:Aku;17:08247627829;19:2. CV;20:7. Desain Fesyen;21:;23:;24:;26:;31:;32:3. Adam di Luar Jawa Timur;33:8. Belum memiliki Ijin Usaha;34:5000;35:Tidak;39:;40:;41:;42:;43:;44:;45:;46:;47:;48:;50:;51:;52:;53:;54:;55:;56:;57:;58:;59:;61:;62:;63:;64:;65:;66:;67:;68:;69:;70:;71:;72:;73:;74:;75:;76:;77:;78:;79:;80:;81:;82:;83:;84:;85:;86:;88:;90:;91:;92:;93:;94:;95:;99:;101:;103:;108:;111:;114:;117:;120:;122:4. Lainnya;123:;126:;127:2. 3-4 hari;118:;","1649663233853.jpg","2022-04-11 14:47:13",,"13",,"0","0"
"13","202200113","4","Melisa Wulan Purnama",,"M030","Aisyah Jihan Safira","1:Dokter Permak;2:Jl. Mutiara 1 no. 16;3:Kebomas;4:Randuagung;5:02;6:01;7:61121;8:Aisyah Jihan Safira;9:Jl. Mutiara 1 no. 16;10:081216783974;11:Perempuan;13:2002;14:4. SMA/SMK/MA/sederajat;15:;16:Solichul Idham;17:081216783974;18:Laki-laki;19:8. Tidak berbadan usaha;20:7. Desain Fesyen;21:01/2000;22:Tidak;23:6;24:12;25:3. Sewa/Kontrak;26:;27:Tidak;28:Tidak;30:Tidak;31:;32:4. Tidak Ada;33:8. Belum memiliki Ijin Usaha;34:3000;35:Tidak;39:;40:;41:;42:;43:1;44:;45:;46:;47:;48:2;50:;51:;52:;53:;54:;55:;56:;57:;58:;59:;61:Jarum 60, benang 1600, kain 1200;62:Jarum 60, benang 1600, kain 1200;63:180;64:180;65:1560;66:1560;67:5000;68:5000;69:;70:;71:;72:;73:;74:;75:;76:;77:;78:;79:;80:;81:;82:;83:;84:;85:;86:;87:1. Pembayaran tunai,;88:;90:3000;91:3000;92:;93:;94:;95:;99:;101:;102:6. Tidak berminat;103:;104:b. Tidak;108:;109:5. Belum ada;111:;112:9. Belum Pernah;114:;117:;119:6. Lainnya;120:Memberikan pembaruan mesin;123:;124:1. Ya;125:1. Digital Marketing;126:;127:1. 1-2 hari;118:Penanggung jawab difabel, laki laki;","1649664136322.jpg","2022-04-11 15:02:16",,"12",,"0","0"
"14","202200114","4","Jeziano Rizkita Boyas",,,"Ali Zainal  Abidin","1:CV Putra Smeer;2:Jalan Pahlawan VIII/5;3:Gresik;4:Tlogo Bendung;5:03;6:03;7:;8:Ali Zainal Abidin;9:Jalan Pahlawan VIII/5;10:'081230376955;11:Laki-laki;13:1989;14:6. S1, S2, S3;15:;16:Ali Zainal Abidin;17:'081230376955;18:Laki-laki;19:2. CV;21:Sewa/Kontrak;22:Tidak;23:6;24:8;25:3. Sewa/Kontrak;26:;27:Ya;28:Ya;30:Ya;31:WWW.Memories.Co.id;32:4. Tidak Ada;33:2. Nomor Induk Berusaha (NIB);34:50000;35:Tidak;39:;40:;41:;42:;43:;44:1;45:;46:1;47:;48:;50:24000;51:24000;52:;53:;54:500;55:500;56:;57:;58:;59:;61:Kertas Art Paper ( 15000);62:;63:;64:;65:;66:Kertas Art Paper (15000);67:;68:;69:;70:;71:;72:;73:6000;74:6000;75:3000;76:3000;77:;78:;79:;80:;81:;82:;83:1000;84:1000;85:;86:;87:;88:;89:1000;90:1000;91:;92:;93:;94:;95:1. Pembayaran tunai,2. Pembyaran transfer,;96:;98:;99:;100:;101:;102:50000;103:;105:3. > 3 Tahun s.d <= 5 Tahun;106:1. Kredit usaha rakyat (KUR);107:;108:1. BRI;109:;111:;112:a. Ya;113:1. Inovasi produk dengan memodifikasi produk yang berbeda dari sebelumnya,3. Metode pemasaran/pejualan baru yang berbeda signifikan dari sebeumnya,4. Penggunaan sistem informasi dan komunikasi baru,5. Administrasi dan manajemen baru yang berbeda signifikan dari sebelumnya,6. Pengembangan produk/proses bisnis baru yang berbeda signifikan dari sebelumnya,;114:1. Usaha ini Sendiri;115:6. Lainnya;116:Eksistensi Usaha;117:4. Merek;118:8. Lainnya,;119:Kebijakan Pemerintah;120:9. Belum Pernah;122:;125:;127:4. Dukungan Promosi Untuk Peningkatan Produk/Jasa Usaha Anda;128:;130:4. Lainnya;131:Promosi dengan pembuatan Co  Working Space;132:1. Ya;133:1. Digital Marketing;134:;135:3. 5-6 hari;126:;","1649737822286.jpeg","2022-04-12 11:30:22",,"9",,"0","0"
"15","202200115","4","Mohammad Masrudin Firdiyansyah",,"007","Wiwit","1:Pt Radio Elang Bayu Swara;2:Jl Aipda KS Tubun no. 15 ;3:GRESIK;4:Pulopanakan;5:;6:;7:61113;8:Wiwit;9:Jl Aipda KS Tubun no. 15 ;10:083830181532;11:Perempuan;13:1997;14:4. SMA/SMK/MA/sederajat;15:;16:Ridaun Natsir ;17:0313981891;18:Laki-laki;19:1. PT/PT Perseroan/Perum;20:16. Televisi dan Radio;21:07 2003;22:Tidak;23:7;24:8;25:2. Milik sendiri tidak bersertifikat;26:;27:Ya;28:Ya;30:Tidak;31:;32:4. Tidak Ada;33:6. NPWP;34:2000;35:Tidak;39:;40:;41:;42:;43:;44:1;45:;46:;47:;48:;50:9000;51:;52:;53:;54:500;55:;56:;57:;58:;59:;61:;62:;63:;64:;65:;66:;67:;68:;69:;70:;71:;72:;73:3000;74:3600;75:;76:;77:;78:;79:;80:;81:2000;82:2000;83:;84:;85:;86:;87:;88:;89:;90:;91:;92:;93:2000;94:2000;95:1. Pembayaran tunai,2. Pembyaran transfer,;96:;98:;99:;100:5000;101:;102:;103:;107:;109:;110:6. Tidak berminat;111:;112:b. Tidak;116:;117:5. Belum ada;118:7. Pemasaran,;119:;120:7. Kerja sama operasional;121:4. Perusahaan Swasta;122:;123:1. Ya;124:2. Barang Modal/Peralatan;125:;127:5. Kemudahan pengurusan izin dan paten/HKI;128:;131:;132:1. Ya;133:1. Digital Marketing;134:;135:1. 1-2 hari;126:;","1649740190943.jpg","2022-04-12 12:09:50",,"10",,"0","0"
"16","120422161014","4","Khorina",,"R4","verdi",,"1649754728233.jpg","2022-04-12 16:10:42",,"13",,"1","0"
"17","130422101232","4","Khorina",,"333","dft",,,"2022-04-13 10:13:01",,"13",,"0","0"
"18","160422132946","4","Mohammad Masrudin Firdiyansyah","1","001","Diki",,,"2022-04-16 13:31:13",,"10",,"0","0"
"19","250422153319","4","Khorina","das","adas","dasd",,,"2022-04-25 15:33:28",,"13",,"0","0"
"20","280422121948","4","Khorina","verdi","A23","deva",,,"2022-04-28 12:20:47",,"13",,"0","0"
"21","100522180440","6","Khorina","as","342","safas","147:sdf;148:1. Pokir Dewan;176:;177:;178:sdfsdf;179:23;180:34;181:2343534;155:12324;156:2. Beton;157:;158:;159:234;160:3. Tidak Ada;161:1. Mulus (Tanpa Lubang);163:234;164:23;165:21;166:24;167:43;168:214;171:1. Ya;172:324;173:243;175:1. Ya;","1652184131278.png","2022-05-10 18:04:55",,"13",,"1","0"
"22","100522202049","6","Khorina","Coy","22","Cahyadi",,,"2022-05-10 20:21:54",,"13",,"0","0"
"23","110522065304","6","Khorina",,,"Cahyadi",,,"2022-05-11 06:53:30",,"13",,"0","0"
"24","110522104628","6","Cahyadi","Coy",,"Pak sekcam","147:;148:2. Musrenbang;176:;177:Candi;178:Kebonsari;179:3;180:2;181:;155:;156:3. Paving;157:2.1;158:0;159:0;160:3. Tidak Ada;161:2. Sedikit Lubang / Retakan;163:2;164:0;165:0;166:0;167:0;168:0;169:2. Tidak Ada;170:1. Ya;171:2. Tidak;172:Kenakalam remaja;173:0;175:2. Tidak;182:Jalan cenderung sempit;","1652241152810.jpg","2022-05-11 10:47:20",,"13",,"1","0"
"25","110522105906","6","Khorina",,,"Pak Sekcam kebonsari","147:;148:2. Musrenbang;176:;177:Candi;178:Kebobsari;179:4;180:3;181:;155:7000;156:3. Paving;157:2.3 (Jalan Krisna) ;158:0;159:0;161:2. Sedikit Lubang / Retakan;163:3;164:2;165:0;166:0;167:;168:0;169:2. Tidak Ada;170:1. Ya;171:2. Tidak;172:Tidak ada;173:Belum ada;175:2. Tidak;182:Ikut RT 4 RW 3;","1652241826162.jpg","2022-05-11 10:59:42",,"13",,"1","0"
"26","110522110348","6","Cahyadi",,,"Sekdes","147:;148:2. Musrenbang;176:;177:Candi;178:Kebonsari;179:5;180:1;181:;155:7000;156:3. Paving;157:3.2 ;158:0;159:0;160:3. Tidak Ada;161:2. Sedikit Lubang / Retakan;163:5;164:0;165:0;166:;167:;168:;169:2. Tidak Ada;170:1. Ya;171:2. Tidak;172:;173:;175:2. Tidak;182:;","1652242593168.jpg","2022-05-11 11:14:20",,"13",,"1","0"
"27","260522200809","7","Khorina","verdi","PJUR01","Coy",,,"2022-05-26 20:36:35",,"13",,"0","0"
"28","260522203913","7","Khorina","verdi","PJUR02","deva","183:asdas;184:adsd;185:asd;186:asd;187:dasd;188:3. Lainnya;189:das;190:dasd;191:dsa;192:123;193:;194:12;195:12;196:1232412;197:123124;199:1. Aspal;200:1. Jalan Arteri;201:;202:qwe;204:eqwe;205:eqw;206:1. Mulus (Tanpa Lubang);207:123;208:1. Iya;209:2. Tidak;210:1. Iya;211:123;","1653572432924.png","2022-05-26 20:39:27",,"13",,"1","0"
"29","260522210918","7","Khorina",,,"Cahyadi",,,"2022-05-26 21:09:43",,"13",,"0","0"
"30","260522211733","7","Khorina","-","-","-",,,"2022-05-26 21:17:50",,"13",,"0","0"
"31","270522100451","7","Khorina","-","-","-",,,"2022-05-27 10:05:12",,"13",,"0","0"
"32","270522105944","7","Nuzul Purnama Putra","-","-","-",,,"2022-05-27 11:01:28",,"15",,"0","0"
"33","300522084350","7","Nuzul Purnama Putra","-","-","-","183:Taman;184:Dukuh ngingas utara;185:Abdillah Nasih;186:Muh. Rois;187:Kepala Dusun;188:1. Pokir Dewan;189:;190:Waru;191:Ngingas;192:1T;193:200,45;194:14-15;195:05;196:-;197:13.000;199:3. Paving;200:4. Jalan lingkungan;201:;202:11;204:0;205:4.09;206:1. Mulus (Tanpa Lubang);207:802m;208:1. Iya;209:2. Tidak;210:2. Tidak;211:0;212:1. < 40 Meter;213:1. Iya;214:1. Iya;216:2;217:0;218:0;219:0;220:0;221:2. Tidak Ada;222:0;223:1;224:Penjambretan;225:2. Tidak;226:Jumlah titik PJU 16 dibagi dengan rt 08;","1653876973639.jpg","2022-05-30 08:44:13",,"15",,"1","0"
"34","300522091619","7","Nuzul Purnama Putra","-","-","-","183:Taman;184:Jl Kyai Abdullah;185:Abdillah Nasih;186:Muh. Rois;187:Kepala Dusun;188:1. Pokir Dewan;189:;190:Waru;191:Ngingas;192:1T;193:200,45;194:08;195:02;196:-;197:13.000;199:3. Paving;200:4. Jalan lingkungan;201:;202:7;204:0;205:3,04m;206:2. Sedikit Lubang/Retakan;207:360,2m;208:1. Iya;209:2. Tidak;210:2. Tidak;211:0;212:1. < 40 Meter;213:1. Iya;214:1. Iya;216:7;217:1;218:0;219:0;220:0;221:2. Tidak Ada;222:1;223:11;224:Pencurian;225:2. Tidak;226:Mendapat jumlah PJU 6 dari 16;","1653880808401.jpg","2022-05-30 09:16:41",,"15",,"1","0"
"35","300522101117","7","Mohammad Sholeh Saadilah","-","-","-",,,"2022-05-30 10:14:29",,"14",,"0","0"
"36","300522102009","7","Nuzul Purnama Putra","-","-","-",,"1653884209696.jpg","2022-05-30 10:51:30",,"15",,"1","0"
"37","300522110503","7","Mohammad Sholeh Saadilah","-","-","-","183:SIDOARJO;184:Jl Lapangan 1;185:Kepala desa sepande;186:Idris;187:Kepala RT 2 ;188:2. Musrenbang;189:-;190:Candi;191:Sepande;192:15s;193:160,195 ha;194:2;195:1;196:61271;197:10.154;199:1. Aspal;200:4. Jalan lingkungan;201:-;202:2;204:0;205:5;206:3. Banyak Lubang/Retakan;207:300;208:1. Iya;209:2. Tidak;210:2. Tidak;211:0;212:3. Tidak Ada;213:1. Iya;214:2. Tidak;216:10;217:0;218:0;219:0;220:2;221:2. Tidak Ada;222:2;223:3;224:Pencurian motor, pencurian barang rumah tangga;225:2. Tidak;226:Tidak ada;","1653883733708.jpg","2022-05-30 11:05:30",,"14",,"1","0"
"38","300522111650","7","Nuzul Purnama Putra","-","-","-","183:Taman;184:Jl Anusanata;185:Warih Andono;186:Andi A;187:Kepala Dusun;188:1. Pokir Dewan;189:;190:Gedangan;191:Sawotratap;192:8T;193:189.400;194:1,2,6;195:11;196:-;197:14.000;199:3. Paving;200:4. Jalan lingkungan;201:;202:8;204:0;205:5,7;206:1. Mulus (Tanpa Lubang);207:163.6;208:1. Iya;209:2. Tidak;210:2. Tidak;211:0;212:1. < 40 Meter;213:1. Iya;214:2. Tidak;216:7;217:1;218:0;219:2;220:0;221:2. Tidak Ada;222:1;223:0;224:Tidak ada;225:2. Tidak;226:Jumlah titik PJU di Rt 1,2,6 Rw 11 ada 8 dari 18 titik;","1653885298954.jpg","2022-05-30 11:20:26",,"15",,"1","0"
"39","300522115915","7","Mohammad Sholeh Saadilah","-","-","-",,,"2022-05-30 11:59:30",,"14",,"0","0"
"40","300522113500","7","Nuzul Purnama Putra","-","-","-",,"1653891495092.jpg","2022-05-30 12:01:50",,"15",,"1","0"
"41","300522123209","7","Mohammad Sholeh Saadilah","-","-","-","183:SIDOARJO;184:Jl Hasyim Abdullah desa jambangan;185:Kepala desa jambangan;186:Solichin;187:Kepala dusun sidomulyo;188:2. Musrenbang;189:-;190:Candi;191:Jambangan;192:16s;193:108 ;194:RT 7,8 &RT 2;195:RW 4 & RW 1;196:61271;197:4.373;199:3. Paving;200:4. Jalan lingkungan;201:-;202:0;204:0;205:3,6;206:1. Mulus (Tanpa Lubang);207:556;208:1. Iya;209:2. Tidak;210:2. Tidak;211:0;212:1. < 40 Meter;213:1. Iya;214:1. Iya;216:8;217:1;218:0;219:0;220:10;221:2. Tidak Ada;222:0;223:0;224:Tidak ada;225:2. Tidak;226:Tidak ada;","1653889151134.jpg","2022-05-30 12:32:36",,"14",,"1","0"
"42","300522131818","7","Nuzul Purnama Putra","-","-","-",,"1653892453667.jpg","2022-05-30 13:18:32",,"15",,"1","0"
"43","300522132419","7","Mohammad Sholeh Saadilah","-","-","-",,,"2022-05-30 13:26:04",,"14",,"0","0"
"44","300522134016","7","Mohammad Sholeh Saadilah","-","-","-","183:SIDOARJO;184:Jl kali dadap;185:Kepala desa wedoroklurak;186:Hj lami hartini;187:Kepala desa wedoroklurak ;188:2. Musrenbang;189:-;190:Candi;191:Wedoroklurak;192:13s;193:126,508;194:8;195:2;196:61271;197:4.516;199:3. Paving;200:4. Jalan lingkungan;201:-;202:1;204:0;205:4,2;206:2. Sedikit Lubang/Retakan;207:;208:1. Iya;209:2. Tidak;210:2. Tidak;211:1;212:1. < 40 Meter;213:1. Iya;214:2. Tidak;216:0;217:0;218:0;219:0;220:2;221:2. Tidak Ada;222:2;223:0;224:Tidak ada;225:2. Tidak;226:Tiang PJU rusak 1, titik PJU di RT 8 RW 2 jumlah 4 titik;","1653894380185.jpg","2022-05-30 13:40:49",,"14",,"1","0"
"45","300522135602","7","Nuzul Purnama Putra","-","-","-",,"1653895622649.jpg","2022-05-30 14:01:59",,"15",,"1","0"
"46","310522095600","7","Nuzul Purnama Putra","-","-","-","183:Taman;184:Jl Kenari;185:H Adhy Samsetyo;186:Andik;187:Staff kelurahan;188:1. Pokir Dewan;189:;190:Taman;191:Spanjang;192:2T;193:109;194:7-9;195:06;196:-;197:12.350;199:3. Paving;200:4. Jalan lingkungan;201:;202:8;204:1;205:6,4;206:1. Mulus (Tanpa Lubang);207:373.3;208:1. Iya;209:2. Tidak;210:2. Tidak;211:0;212:1. < 40 Meter;213:1. Iya;214:2. Tidak;216:13;217:1;218:0;219:6;220:7;221:2. Tidak Ada;222:0;223:2;224:Penjambretan;225:1. Iya;226:Jumlah Titik PJU di RT 6,7,8 Rw 6 Ada 14  dari 16 Titik;","1653968192899.jpg","2022-05-31 09:56:13",,"15",,"1","0"
"47","310522100403","7","Mohammad Sholeh Saadilah","-","-","-","183:SIDOARJO;184:Jl dusun Badas menuju desa tempel;185:Kepala desa barengkrajan;186:Sugeng harianto;187:Kepala dusun Badas DS barengkrajan;188:2. Musrenbang;189:-;190:Krian;191:Barengkrajan;192:8K;193:224,84;194:17;195:6;196:61262;197:9.200;199:1. Aspal;200:3. Jalan Lokal;201:-;202:0;204:0;205:4,2;206:2. Sedikit Lubang/Retakan;207:350;208:1. Iya;209:1. Iya;210:1. Iya;211:0;212:1. < 40 Meter;213:1. Iya;214:1. Iya;216:15;217:0;218:2;219:2;220:0;221:2. Tidak Ada;222:1;223:1;224:Pencurian, kecelakaan sepeda motor;225:2. Tidak;226:Dusun Badas ada 7 titik;","1653967205461.jpg","2022-05-31 10:04:39",,"14",,"1","0"
"48","310522103633","7","Nuzul Purnama Putra","-","-","-","183:Taman;184:Jl Simowau Baru;185:H Adhy Samsetyo;186:Andik;187:Staff kelurahan;188:1. Pokir Dewan;189:;190:Taman;191:Spanjang;192:2T;193:109;194:6;195:4;196:-;197:12.350;199:3. Paving;200:4. Jalan lingkungan;201:;202:3;204:0;205:5,7;206:1. Mulus (Tanpa Lubang);207:36;208:1. Iya;209:2. Tidak;210:2. Tidak;211:0;212:1. < 40 Meter;213:1. Iya;214:2. Tidak;216:4;217:1;218:0;219:2;220:3;221:2. Tidak Ada;222:0;223:2;224:Pencurian Sepeda dan burung;225:2. Tidak;226:Jumlah Titik PJU RT 06 RW 04 ada 2 dari 16 titik;","1653968478724.jpg","2022-05-31 10:36:47",,"15",,"1","0"
"49","310522103755","7","Mohammad Sholeh Saadilah","-","-","-","183:SIDOARJO;184:Jl Desa barengkrajan dsn sidorono;185:Kepala desa barengkrajan;186:Jarot syaifudin;187:Kepala dusun ;188:2. Musrenbang;189:-;190:Krian;191:Barengkrajan;192:8K;193:224,84;194:12;195:4;196:61262;197:9.200;199:3. Paving;200:4. Jalan lingkungan;201:-;202:0;204:0;205:4;206:3. Banyak Lubang/Retakan;207:3,5;209:1. Iya;210:2. Tidak;211:0;212:1. < 40 Meter;213:1. Iya;214:2. Tidak;216:6;217:1;218:0;219:2;220:3;221:2. Tidak Ada;222:0;223:1;224:Pencurian barang rumah tangga;225:2. Tidak;226:Dsn sidorono nama jln jl pertolongan desa barengkrajan RT 12, 8 titik;","1653968908017.jpg","2022-05-31 10:38:55",,"14",,"1","0"
"50","310522105518","7","Mohammad Sholeh Saadilah","-","-","-","183:SIDOARJO;184:Jl GG balai pedukuhan;185:Kepala desa barengkrajan;186:Jarot syaifudin;187:Kepala dusun ;188:2. Musrenbang;189:-;190:Krian;191:Barengkrajan;192:8K;193:224,84;194:10;195:4;196:61262;197:9.200;199:3. Paving;200:4. Jalan lingkungan;201:-;202:0;204:0;205:4;206:2. Sedikit Lubang/Retakan;207:250;208:1. Iya;209:2. Tidak;210:2. Tidak;211:0;212:1. < 40 Meter;213:1. Iya;214:2. Tidak;216:5;217:0;218:0;219:2;220:3;221:2. Tidak Ada;222:1;223:1;224:Pencurian barang rumah tangga;225:2. Tidak;226:Dsn sidorene DS barengkrajan RT 10 ada 5 titik.;","1653975745226.jpg","2022-05-31 10:55:30",,"14",,"1","0"
"51","310522104119","7","Nuzul Purnama Putra","-","-","-","183:Taman;184:Jl Raya Suko Legok;185:H Bashor;186:Bpk Sugiat, Pak Ponco;187:Staff kelurahan, Dan Pak RT;188:1. Pokir Dewan;189:;190:Sukodono;191:Suko;192:3T;193:190;194:15;195:5;196:-;197:17.200;199:1. Aspal;200:2. Jalan Kolektor;201:;202:4;204:1;205:7,9;206:2. Sedikit Lubang/Retakan;207:757,4;208:1. Iya;209:2. Tidak;210:2. Tidak;211:0;212:1. < 40 Meter;213:1. Iya;214:2. Tidak;216:23;217:11;218:2;219:1;220:3;221:2. Tidak Ada;222:2;223:7;224:Begal dan Penjambretan;225:2. Tidak;226:Jumlah titik PJU di Rt 15 Rw 5 ada 16 Titik;","1653972558837.jpg","2022-05-31 11:25:17",,"15",,"1","0"
"52","310522124228","7","Mohammad Sholeh Saadilah","-","-","-","183:SIDOARJO;184:Jl krajan;185:Kepala desa barengkrajan;186:Hari sutrisno;187:Pelayanan umum desa;188:2. Musrenbang;189:-;190:Krian;191:Barengkrajan;192:8K;193:224,84;194:9;195:3;196:61262;197:9.200;199:1. Aspal;200:3. Jalan Lokal;201:-;202:1;204:0;205:4;206:2. Sedikit Lubang/Retakan;207:500;208:1. Iya;209:2. Tidak;210:2. Tidak;211:0;212:1. < 40 Meter;213:1. Iya;214:1. Iya;216:10;217:1;218:1;219:0;220:0;221:2. Tidak Ada;222:1;223:0;224:-;225:2. Tidak;226:RT 9 RW 3 ada 10 titik.;","1653976181106.jpg","2022-05-31 12:42:51",,"14",,"1","0"
"53","310522141953","7","Nuzul Purnama Putra","-","-","-","183:Taman;184:Dusun Ngemplak;185:Vike Vidya A;186:A. Wahib;187:Kepala Dusun;188:1. Pokir Dewan;189:;190:Sukodono;191:Masangan Kulon;192:5T;193:196.7;194:7-8;195:3;196:-;197:13.000;199:3. Paving;200:4. Jalan lingkungan;201:;202:2;204:0;205:6,6;206:1. Mulus (Tanpa Lubang);207:471.3;208:1. Iya;209:2. Tidak;210:2. Tidak;211:0;212:1. < 40 Meter;213:1. Iya;214:2. Tidak;216:5;217:1;218:1;219:0;220:3;221:2. Tidak Ada;222:0;223:2;224:Pencurian;225:2. Tidak;226:Jumlah Titik PJU di Rt 7-8 ada 12.;","1653985049610.jpg","2022-05-31 14:20:37",,"15",,"1","0"
"54","310522142954","7","Mohammad Sholeh Saadilah","-","-","-","183:SIDOARJO;184:Jl brodoluyo;185:Iswahyudi;186:M. Ekhwan;187:Bendahara desa;188:1. Pokir Dewan;189:-;190:Prambon;191:Gedangrowo;192:4K;193:-;194:4;195:1;196:61264;197:-;199:1. Aspal;200:3. Jalan Lokal;201:-;202:1;204:0;205:4;206:2. Sedikit Lubang/Retakan;207:350;208:1. Iya;209:2. Tidak;210:2. Tidak;211:0;212:1. < 40 Meter;213:1. Iya;214:2. Tidak;216:5;217:1;218:0;219:0;220:3;221:2. Tidak Ada;222:1;223:1;224:Pencurian kendaraan bermotor ;225:2. Tidak;226:Pembangunan PJU Di lokasi gedangrowo yg di usulkan POKIR sudah di bangun 6 bulan kemaren sesuai informasi dari desa.;","1653982547380.jpg","2022-05-31 14:30:09",,"14",,"1","0"
"55","310522143548","7","Mohammad Sholeh Saadilah","-","-","-","183:SIDOARJO;184:Jl DSn karangkletek;185:Iswahyudi;186:M. Ekhwan;187:Bendahara desa;188:1. Pokir Dewan;189:-;190:Prambon;191:Gedangrowo;192:4K;193:-;194:5;195:2;196:61264;197:-;199:1. Aspal;200:4. Jalan lingkungan;201:-;202:1;204:0;205:4;206:2. Sedikit Lubang/Retakan;207:450;208:1. Iya;209:2. Tidak;210:2. Tidak;211:0;212:1. < 40 Meter;213:1. Iya;214:1. Iya;216:10;217:2;218:0;219:1;220:3;221:2. Tidak Ada;222:2;223:1;224:Pencurian barang rumah tangga;225:2. Tidak;226:Pembangunan PJU di desa gedangrowo RT 5 RW 2 sudah di bangun 6 bulan lalu, informasi dari desa;","1653982818624.jpg","2022-05-31 14:36:03",,"14",,"1","0"
"56","020622084802","7","Mohammad Sholeh Saadilah","-","-","-","183:SIDOARJO;184:Jl indah Sulistyowati ;185:Moh.Nizar, SH;186:Sakdul kholis;187:Kepala dusun Sirapan;188:1. Pokir Dewan;189:-;190:Balongbendo;191:Kemangsen;192:1K;193:203.456;194:18;195:7;196:61263;197:8.727;199:3. Paving;200:4. Jalan lingkungan;201:-;202:0;204:0;205:2,5;206:2. Sedikit Lubang/Retakan;207:500;208:1. Iya;209:2. Tidak;210:2. Tidak;211:0;212:1. < 40 Meter;213:1. Iya;214:2. Tidak;216:2;217:0;218:0;219:1;220:3;221:2. Tidak Ada;222:0;223:0;224:-;225:2. Tidak;226:-;","1654135001145.jpg","2022-06-02 08:48:20",,"14",,"1","0"
"57","020622090751","7","Mohammad Sholeh Saadilah","-","-","-","183:SIDOARJO;184:Jl desa sirapan;185:Moh.Nizar, SH;186:Sakdul kholis;187:Kepala dusun Sirapan;188:1. Pokir Dewan;189:-;190:Balongbendo;191:Kemangsen;192:1K;193:203.456;194:17;195:6;196:61263;197:8.727;199:3. Paving;200:4. Jalan lingkungan;201:-;202:2;204:0;205:3,5;206:1. Mulus (Tanpa Lubang);207:300;208:1. Iya;209:2. Tidak;210:2. Tidak;211:0;212:1. < 40 Meter;213:1. Iya;214:1. Iya;216:13;217:1;218:0;219:1;220:2;221:2. Tidak Ada;222:0;223:0;224:-;225:2. Tidak;226:RW data dishub dengan lokasi di lapangan berbeda, RT sudah benar ;","1654136080490.jpg","2022-06-02 09:08:02",,"14",,"1","0"
"58","020622093359","7","Nuzul Purnama Putra","-","-","-","183:Porong;184:Desa Pangkemiri;185:-;186:I. Haryanto;187:Staff Kelurahan;188:3. Lainnya;189:-;190:Tulangan;191:Pangkemiri;192:5P;193:145;194:6;195:2;196:-;197:3.838;199:1. Aspal;200:4. Jalan lingkungan;201:;202:2;204:0;205:2.9;206:1. Mulus (Tanpa Lubang);207:300.1;208:1. Iya;209:2. Tidak;210:2. Tidak;211:0;212:2. > 40 Meter;213:1. Iya;214:2. Tidak;216:3;217:1;218:0;219:1;220:0;221:2. Tidak Ada;222:1;223:3;224:Pencurian Motor Dan Sapi;225:2. Tidak;226:Jumlah titik PJU di Rt 6 Rw 2 ada 6;","1654139064957.jpg","2022-06-02 09:34:14",,"15",,"1","0"
"59","020622100426","7","Nuzul Purnama Putra","-","-","-",,"1654139815978.jpg","2022-06-02 10:04:39",,"15",,"1","0"
"60","020622101717","7","Nuzul Purnama Putra","-","-","-","183:Sidoarjo;184:Jl Kanal;185:Iswahyudi;186:Syaifudin;187:Kasi;188:1. Pokir Dewan;189:;190:Prambon;191:Wirobiting;192:5K;193:144,5;194:1;195:3;196:-;197:3.791;199:1. Aspal;200:4. Jalan lingkungan;201:;202:4;204:2;205:3,6;206:1. Mulus (Tanpa Lubang);207:425,7;208:1. Iya;209:2. Tidak;210:2. Tidak;211:0;212:1. < 40 Meter;213:1. Iya;214:2. Tidak;216:6;217:0;218:0;219:2;220:0;221:2. Tidak Ada;222:0;223:1;224:Pencurian;225:2. Tidak;226:Jumlah titik PJU di Rt 1 Rw 3 ada 10;","1654142827459.jpg","2022-06-02 10:38:34",,"15",,"1","0"
"61","020622105339","7","Mohammad Sholeh Saadilah","-","-","-","183:SIDOARJO;184:Jl brawijaya;185:Kepala desa barengkrajan;186:Happy Oktavianto pradana;187:Sekretaris desa;188:2. Musrenbang;189:-;190:Krian;191:Barengkrajan;192:8K;193:224,84;194:3;195:1;196:61262;197:9.200;199:3. Paving;200:4. Jalan lingkungan;201:-;202:1;204:0;205:3,5;206:2. Sedikit Lubang/Retakan;207:200;208:1. Iya;209:1. Iya;210:2. Tidak;211:0;212:1. < 40 Meter;213:1. Iya;214:2. Tidak;216:8;217:1;218:0;219:1;220:2;221:2. Tidak Ada;222:0;223:0;224:-;225:2. Tidak;226:RT 3 RW 1;","1654143461660.jpg","2022-06-02 11:11:14",,"14",,"1","0"
"62","020622112411","7","Mohammad Sholeh Saadilah","-","-","-",,"1654144391203.jpg","2022-06-02 11:24:28",,"14",,"1","0"
"63","020622113312","7","Mohammad Sholeh Saadilah","-","-","-",,"1654144600870.jpg","2022-06-02 11:33:24",,"14",,"1","0"
"64","020622113642","7","Mohammad Sholeh Saadilah","-","-","-","183:SIDOARJO;184:Jl krajan;185:Kepala desa barengkrajan;186:Happy Oktavianto pradana;187:Sekretaris desa;188:2. Musrenbang;189:-;190:Krian;191:Barengkrajan;192:8K;193:224,84;194:9;195:3;196:61262;197:9.200;199:1. Aspal;200:3. Jalan Lokal;201:-;202:1;204:0;205:4;206:2. Sedikit Lubang/Retakan;207:500;208:1. Iya;209:2. Tidak;210:1. Iya;211:0;212:1. < 40 Meter;213:1. Iya;214:1. Iya;216:7;217:2;218:1;219:1;220:3;221:2. Tidak Ada;222:0;223:0;224:-;225:2. Tidak;226:Pembaharuan data RT 9 di DS barengkrajan, input data survey di pendapat kita yg kemaren salah, data ini yang benar;","1654144920778.jpg","2022-06-02 11:37:25",,"14",,"1","0"
"65","020622124708","7","Mohammad Sholeh Saadilah","-","-","-","183:SIDOARJO;184:Jl Jenggala Dsn songgat;185:Kepala desa gampingrowo;186:Yoyok harmoni;187:Kaur perencanaan;188:2. Musrenbang;189:-;190:Tarik;191:Gampingrowo;192:7K;193:107;194:RT 9,10,11,12;195:RW 4, 5;196:61265;197:3.328;199:1. Aspal;200:3. Jalan Lokal;201:-;202:0;204:1;205:4;206:2. Sedikit Lubang/Retakan;207:736,80;208:1. Iya;209:2. Tidak;210:1. Iya;211:0;212:1. < 40 Meter;213:1. Iya;214:1. Iya;216:13;217:5;218:2;219:2;220:0;221:2. Tidak Ada;222:2;223:0;224:-;225:2. Tidak;226:Pembangunan PJU di desa gampingrowo 1 lokasi melewati RT 9,10,11,12 & RW 4,5. Ada 15 titik, pengajuan jl panjang 850 m. Nama jalan Jenggala Dsn songgat;","1654153157189.jpg","2022-06-02 13:50:36",,"14",,"1","0"
"66","030622090014","7","Mohammad Sholeh Saadilah","-","-","-",,"1654223508781.jpg","2022-06-03 09:01:30",,"14",,"1","0"
"67","030622103838","7","Mohammad Sholeh Saadilah","-","-","-","183:SIDOARJO;184:Jl waung;185:Bangun winarso;186:Yusep triprastiawan;187:Kepala dusun Watesrowo;188:1. Pokir Dewan;189:-;190:Balongbendo;191:Sumokembangsri;192:3k;193:240;194:38,39,40,41;195:6;196:61263;197:4.424;199:3. Paving;200:4. Jalan lingkungan;201:-;202:2;204:1;205:4;206:2. Sedikit Lubang/Retakan;207:900;208:1. Iya;209:2. Tidak;210:1. Iya;211:0;212:1. < 40 Meter;213:1. Iya;214:2. Tidak;216:5;217:0;218:0;219:0;220:3;221:2. Tidak Ada;222:0;223:0;224:-;225:2. Tidak;226:-;","1654229030445.jpg","2022-06-03 10:54:33",,"14",,"1","0"
"68","030622110825","7","Mohammad Sholeh Saadilah","-","-","-","183:SIDOARJO;184:Jl pawiyatan;185:Bangun winarso;186:Yusep triprastiawan;187:Kepala dusun;188:1. Pokir Dewan;189:-;190:Balongbendo;191:Sumokembangsri;192:3k;193:240;194:27,16, 15,14,13,12,11;195:4,2;196:61263;197:4.424;199:3. Paving;200:4. Jalan lingkungan;201:-;202:3;204:0;205:3;206:2. Sedikit Lubang/Retakan;207:550;208:1. Iya;209:1. Iya;210:1. Iya;211:0;212:1. < 40 Meter;213:1. Iya;214:2. Tidak;216:20;217:0;218:0;219:2;220:0;221:2. Tidak Ada;222:0;223:0;224:-;225:2. Tidak;226:Lokasi pembangunan PJU informasi dari desa yg benar di RT 27,16,14,15,13,12,11;","1654230117441.jpg","2022-06-03 11:08:37",,"14",,"1","0"
"69","040622223131","7","Nuzul Purnama Putra","-","-","-","183:Taman;184:Dusun Sadang;185:Ir. Hj. Nurhendrryatiningsih;186:Suhartono;187:Kepala Dusun;188:1. Pokir Dewan;189:;190:Taman;191:Sadang;192:16T;193:93;194:5;195:2;196:-;197:4.200;199:3. Paving;200:4. Jalan lingkungan;201:;202:4;204:0;205:5,1;206:1. Mulus (Tanpa Lubang);207:233.7;208:1. Iya;209:2. Tidak;210:2. Tidak;211:0;212:1. < 40 Meter;213:1. Iya;214:2. Tidak;216:3;217:0;218:0;219:2;220:0;221:2. Tidak Ada;222:0;223:2;224:Pencurian ;225:2. Tidak;226:Jumlah titik PJU di Rt 05 Rw 02 ada 5;","1654357119922.jpg","2022-06-04 22:31:41",,"15",,"1","0"
"70","040622223841","7","Nuzul Purnama Putra","-","-","-","183:Taman;184:Dusun Sadang;185:Ir. Hj. Nurhendrryatiningsih;186:Suhartono;187:Kepala Dusun;188:1. Pokir Dewan;189:;190:Taman;191:Sadang;192:16T;193:93;194:3;195:1;196:-;197:4.200;199:3. Paving;200:4. Jalan lingkungan;201:;202:2;204:;205:4,1;206:1. Mulus (Tanpa Lubang);207:134.7;208:1. Iya;209:2. Tidak;210:2. Tidak;211:0;212:1. < 40 Meter;213:1. Iya;214:2. Tidak;216:2;217:1;218:0;219:0;220:1;221:2. Tidak Ada;222:0;223:1;224:Perampasan HP anak kecil;225:2. Tidak;226:Jumlah titik PJU di Rt 3 Rw 1 ada 2 dari 7 titik;","1654357375256.jpg","2022-06-04 22:38:54",,"15",,"1","0"
"71","040622224548","7","Nuzul Purnama Putra","-","-","-","183:Porong;184:Jl Raya Tlasih;185:Bupati;186:Irsyad;187:Kepala Desa;188:2. Musrenbang;189:;190:Tulangan;191:Tlasih;192:13P;193:118;194:3-5;195:2;196:-;197:3.652;199:1. Aspal;200:3. Jalan Lokal;201:;202:4;204:1;205:4,3;206:1. Mulus (Tanpa Lubang);207:830.1;208:1. Iya;209:2. Tidak;210:2. Tidak;211:0;212:1. < 40 Meter;213:1. Iya;214:2. Tidak;216:13;217:4;218:1;219:1;220:3;221:2. Tidak Ada;222:1;223:4;224:Begal dan Pencurian;225:2. Tidak;226:Jumlah titik PJU di Rt 3-5 Rw 2 ada 16;","1654357986073.jpg","2022-06-04 22:45:57",,"15",,"1","0"
"72","040622225307","7","Nuzul Purnama Putra","-","-","-","183:Porong;184:Dusun Bibis Gang Buntu;185:Iswahyudi;186:Andri;187:Kepala Dusun;188:1. Pokir Dewan;189:;190:Krembung;191:Keret;192:1P;193:172;194:13;195:4;196:-;197:3.500;199:3. Paving;200:4. Jalan lingkungan;201:;202:1;204:0;205:3,8;206:1. Mulus (Tanpa Lubang);207:101.6;208:1. Iya;209:2. Tidak;210:2. Tidak;211:0;212:1. < 40 Meter;213:1. Iya;214:2. Tidak;216:2;217:0;218:0;219:0;220:2;221:2. Tidak Ada;222:0;223:1;224:Pencurian;225:2. Tidak;226:Jumlah titik PJU di Rt 13 Rw 4 ada 2;","1654358492072.jpg","2022-06-04 22:55:09",,"15",,"1","0"
"73","040622230133","7","Nuzul Purnama Putra","-","-","-","183:Porong;184:Jl Maksum;185:H. Widagdo;186:Andri;187:Kepala Dusun;188:1. Pokir Dewan;189:;190:Krembung;191:Keret;192:2P;193:172;194:14;195:4;196:-;197:3.500;199:3. Paving;200:4. Jalan lingkungan;201:;202:3;204:1;205:5,8;206:1. Mulus (Tanpa Lubang);207:371.1;208:2. Tidak;209:2. Tidak;210:2. Tidak;211:0;212:1. < 40 Meter;213:1. Iya;214:2. Tidak;216:6;217:1;218:0;219:1;220:2;221:2. Tidak Ada;222:0;223:2;224:Pencurian;225:2. Tidak;226:Jumlah titik PJU di Rt 14 Rw 4 ada 11;","1654358840027.jpg","2022-06-04 23:01:45",,"15",,"1","0"
"74","060622083426","7","Khorina",,"-","-",,,"2022-06-06 08:34:43",,"13",,"0","0"
"75","080622181555","7","Mohammad Sholeh Saadilah","-","-","-","183:SIDOARJO;184:Jl prabu joko;185:Kayan,S.h.;186:Singgih bayu purnomo;187:Kepala dusun seketi;188:1. Pokir Dewan;189:-;190:Balongbendo;191:Seketi;192:6K;193:221,90;194:1;195:8;196:61263;197:5.696;199:3. Paving;200:4. Jalan lingkungan;201:-;202:1;204:0;205:3;206:2. Sedikit Lubang/Retakan;207:250;208:1. Iya;209:2. Tidak;210:2. Tidak;211:0;212:1. < 40 Meter;213:1. Iya;214:2. Tidak;216:7;217:0;218:0;219:1;220:5;221:2. Tidak Ada;222:Tidak ada;223:0;224:-;225:2. Tidak;226:Lokasi pembangunan PJU berada di jl prabu Joko, ;","1654687642880.jpg","2022-06-08 18:16:10",,"14",,"1","0"
"76","080622182726","7","Mohammad Sholeh Saadilah","-","-","-",,"1654687914803.jpg","2022-06-08 18:27:39",,"14",,"1","0"
"77","080622183200","7","Mohammad Sholeh Saadilah","-","-","-","183:SIDOARJO;184:Jl prabu joko;185:Kayan,S.h.;186:Singgih bayu purnomo;187:Kepala dusun seketi;188:1. Pokir Dewan;189:-;190:Balongbendo;191:Seketi;192:6K;193:221,90;194:3;195:8;196:61263;197:5.696;199:3. Paving;200:4. Jalan lingkungan;201:-;202:0;204:0;205:3;206:2. Sedikit Lubang/Retakan;207:150;208:1. Iya;209:2. Tidak;210:2. Tidak;211:0;212:1. < 40 Meter;213:1. Iya;214:2. Tidak;216:3;217:0;218:0;219:2;220:3;221:2. Tidak Ada;222:Tidak ada;223:0;224:-;225:2. Tidak;226:Lokasi RT 3 RW 8, satu jalur dengan RT 2;","1654688308209.jpg","2022-06-08 18:32:12",,"14",,"1","0"
"78","080622183829","7","Mohammad Sholeh Saadilah","-","-","-","183:SIDOARJO;184:Jl prabu joko 1;185:Kayan,S.h.;186:Singgih bayu purnomo;187:Kepala dusun seketi;188:1. Pokir Dewan;189:-;190:Balongbendo;191:Seketi;192:6K;193:221,90;194:4;195:8;196:61263;197:5.696;199:1. Aspal;200:4. Jalan lingkungan;201:-;202:2;204:0;205:3;206:3. Banyak Lubang/Retakan;207:400;208:1. Iya;209:2. Tidak;210:1. Iya;211:0;212:1. < 40 Meter;213:1. Iya;214:2. Tidak;216:10;217:1;218:0;219:0;220:6;221:2. Tidak Ada;222:Tidak ada;223:0;224:-;225:2. Tidak;226:-;","1654688626349.jpg","2022-06-08 18:38:40",,"14",,"1","0"
"79","080622184423","7","Mohammad Sholeh Saadilah","-","-","-","183:SIDOARJO;184:Jl prabu joko 1;185:Kayan,S.h.;186:Singgih bayu purnomo;187:Kepala dusun seketi;188:1. Pokir Dewan;189:-;190:Balongbendo;191:Seketi;192:6K;193:221,90;194:1;195:9;196:61263;197:5.696;199:1. Aspal;200:4. Jalan lingkungan;201:-;202:0;204:0;205:3;206:2. Sedikit Lubang/Retakan;207:100;208:1. Iya;209:2. Tidak;210:2. Tidak;211:0;212:1. < 40 Meter;213:1. Iya;214:2. Tidak;216:5;217:0;218:0;219:1;220:4;221:2. Tidak Ada;222:Tidak ada;223:0;224:-;225:1. Iya;226:Lokasi dekat dengan rel kereta api;","1654688935202.jpg","2022-06-08 18:44:36",,"14",,"1","0"
"80","080622184920","7","Mohammad Sholeh Saadilah","-","-","-","183:SIDOARJO;184:Jl Ringgit suto wijaya;185:Kayan,S.h.;186:Singgih bayu purnomo;187:Kepala dusun seketi;188:1. Pokir Dewan;189:-;190:Balongbendo;191:Seketi;192:6K;193:221,90;194:1;195:7;196:61263;197:5.696;199:3. Paving;200:4. Jalan lingkungan;201:-;202:0;204:0;205:3;206:1. Mulus (Tanpa Lubang);207:150;208:1. Iya;209:2. Tidak;210:2. Tidak;211:0;212:1. < 40 Meter;213:1. Iya;214:1. Iya;216:8;217:1;218:0;219:0;220:0;221:2. Tidak Ada;222:Tidak ada;223:0;224:-;225:1. Iya;226:Tidak sempat Selfi dengan pendamping desa, kendala hp di lap blank kepanasan;","1654689370907.jpg","2022-06-08 18:49:34",,"14",,"1","0"
"81","080622185648","7","Mohammad Sholeh Saadilah","-","-","-","183:SIDOARJO;184:Jl semangka;185:Atok asari;186:Suyanto;187:Kaur perencanaan;188:1. Pokir Dewan;189:-;190:Wonoayu;191:Ketimang;192:9K;193:156,3;194:6,8;195:2;196:61261;197:3.300;199:3. Paving;200:4. Jalan lingkungan;201:-;202:1;204:0;205:3;206:2. Sedikit Lubang/Retakan;207:300;208:1. Iya;209:2. Tidak;210:2. Tidak;211:0;212:1. < 40 Meter;213:1. Iya;214:1. Iya;216:11;217:1;218:0;219:2;220:6;221:2. Tidak Ada;222:Tidak ada;223:0;224:-;225:2. Tidak;226:Catatan desa ketimang cuma ada 3 lokasi, data sebelumnya 4 lokasi, titik PJU ke arah TPST.;","1654689941638.jpg","2022-06-08 18:57:17",,"14",,"1","0"
"82","080622190543","7","Mohammad Sholeh Saadilah","-","-","-","183:SIDOARJO;184:Jl semangka s/d jl sawah kudu;185:Atok asari;186:Suyanto;187:Kaur perencanaan;188:1. Pokir Dewan;189:-;190:Wonoayu;191:Ketimang;192:9K;193:156,3;194:5,7,8;195:2;196:61261;197:3.300;199:3. Paving;200:4. Jalan lingkungan;201:-;202:2;204:0;205:3;206:1. Mulus (Tanpa Lubang);207:650;208:1. Iya;209:2. Tidak;210:2. Tidak;211:0;212:1. < 40 Meter;213:1. Iya;214:2. Tidak;216:2;217:0;218:0;219:0;220:0;221:2. Tidak Ada;222:Tidak ada;223:0;224:-;225:2. Tidak;226:Catatan desa ketimang cuma ada 3 lokasi, data sebelumnya 4 lokasi, titik PJU ke arah TPST.;","1654690270056.jpg","2022-06-08 19:05:55",,"14",,"1","0"
"83","080622191111","7","Mohammad Sholeh Saadilah","-","-","-","183:SIDOARJO;184:Jl rambutan;185:Atok asari;186:Suyanto;187:Kaur perencanaan;188:1. Pokir Dewan;189:-;190:Wonoayu;191:Ketimang;192:9K;193:156,3;194:5,7;195:2;196:61261;197:3.300;199:3. Paving;200:4. Jalan lingkungan;201:-;202:1;204:0;205:3;206:1. Mulus (Tanpa Lubang);207:300;208:1. Iya;209:2. Tidak;210:2. Tidak;211:0;212:1. < 40 Meter;213:1. Iya;214:2. Tidak;216:4;217:0;218:0;219:0;220:0;221:2. Tidak Ada;222:Tidak ada;223:0;224:-;225:2. Tidak;226:Catatan desa ketimang cuma ada 3 lokasi, data sebelumnya 4 lokasi, titik PJU ke arah TPST.;","1654690689203.jpg","2022-06-08 19:11:21",,"14",,"1","0"
"84","080622191810","7","Mohammad Sholeh Saadilah","-","-","-","183:SIDOARJO;184:Jl kyai mojo;185:Moh.Nizar, SH;186:Deni agung;187:Kasi pelayanan;188:1. Pokir Dewan;189:-;190:Krian;191:Katerungan;192:2K;193:72,52;194:3;195:1;196:61262;197:5.845;199:1. Aspal;200:3. Jalan Lokal;201:-;202:1;204:0;205:3;206:2. Sedikit Lubang/Retakan;207:300;208:1. Iya;209:1. Iya;210:1. Iya;211:0;212:1. < 40 Meter;213:1. Iya;214:1. Iya;216:8;217:1;218:0;219:2;220:5;221:2. Tidak Ada;222:1;223:0;224:-;225:2. Tidak;226:-;","1654691801776.jpg","2022-06-08 19:18:45",,"14",,"1","0"
"85","080622193642","7","Mohammad Sholeh Saadilah","-","-","-","183:SIDOARJO;184:Jl katerungan;185:Moh.Nizar, SH;186:Deni agung;187:Kasi pelayanan;188:1. Pokir Dewan;189:-;190:Krian;191:Katerungan;192:2K;193:72,52;194:5;195:1;196:61262;197:5.845;199:3. Paving;200:4. Jalan lingkungan;201:-;202:0;204:0;205:3;206:2. Sedikit Lubang/Retakan;207:300;208:1. Iya;209:2. Tidak;210:2. Tidak;211:0;212:1. < 40 Meter;213:1. Iya;214:1. Iya;216:7;217:0;218:0;219:0;220:6;221:2. Tidak Ada;222:-;223:0;224:-;225:2. Tidak;226:-;","1654692395209.jpg","2022-06-08 19:37:45",,"14",,"1","0"
"86","080622194636","7","Mohammad Sholeh Saadilah","-","-","-","183:SIDOARJO;184:Jl katerungan;185:Moh.Nizar, SH;186:Deni agung;187:Kasi pelayanan;188:1. Pokir Dewan;189:-;190:Krian;191:Katerungan;192:2K;193:72,52;194:6;195:1;196:61262;197:5.845;199:3. Paving;200:4. Jalan lingkungan;201:-;202:0;204:0;205:3;206:1. Mulus (Tanpa Lubang);207:400;208:1. Iya;209:2. Tidak;210:2. Tidak;211:0;212:1. < 40 Meter;213:1. Iya;214:1. Iya;216:6;217:0;218:0;219:0;220:3;221:2. Tidak Ada;222:-;223:0;224:-;225:2. Tidak;226:-;","1654692557436.jpg","2022-06-08 19:46:47",,"14",,"1","0"
"87","080622201919","7","Mohammad Sholeh Saadilah","-","-","-","183:SIDOARJO;184:Jl penjara lor;185:H.Choirul hidayat;186:M.Rifai;187:Kepala dusun ;188:1. Pokir Dewan;189:-;190:Sidoarjo;191:Lebo;192:2S;193:202,25;194:4;195:1;196:61223;197:5.946;199:3. Paving;200:4. Jalan lingkungan;201:-;202:1;204:0;205:2,5;206:2. Sedikit Lubang/Retakan;207:188;208:1. Iya;209:2. Tidak;210:2. Tidak;211:0;212:1. < 40 Meter;213:1. Iya;214:2. Tidak;216:7;217:0;218:0;219:0;220:0;221:2. Tidak Ada;222:Tidak ada;223:0;224:-;225:2. Tidak;226:Panjang jalur di lapangan di ukur dg mapinr sepanjang 188 m, di RT 4 RW 1;","1654694994325.jpg","2022-06-08 20:19:56",,"14",,"1","0"
"88","080622202955","7","Mohammad Sholeh Saadilah","-","-","-","183:SIDOARJO;184:Jl Ahmad dahlan;185:H.Choirul hidayat;186:Jama'adi;187:Kepala dusun;188:1. Pokir Dewan;189:-;190:Sidoarjo;191:Lebo;192:2S;193:202,25;194:5,9,6,7;195:2;196:61223;197:5.946;199:3. Paving;200:4. Jalan lingkungan;201:-;202:-;204:0;205:3,5;206:1. Mulus (Tanpa Lubang);207:500;208:1. Iya;209:1. Iya;210:2. Tidak;211:0;212:1. < 40 Meter;213:1. Iya;214:1. Iya;216:15;217:3;218:1;219:0;220:0;221:2. Tidak Ada;222:Tidak ada;223:0;224:-;225:2. Tidak;226:Lokasi titik PJU jumlah dan titik per lokasi nya beda"". Dapat di lihat di Sebaran line garis di mapinr, di desa lebo ada 29 titik, 2 titik berada depan di balai desa;","1654696077768.jpg","2022-06-08 20:30:09",,"14",,"1","0"
"89","080622204759","7","Mohammad Sholeh Saadilah","-","-","-",,"1654696459090.jpg","2022-06-08 20:48:11",,"14",,"1","0"
"90","080622222626","7","Mohammad Sholeh Saadilah","-","-","-","183:SIDOARJO;184:Jl brawijaya;185:Kepala desa barengkrajan;186:Happy Oktavianto pradana;187:Sekretaris desa;188:2. Musrenbang;189:-;190:Krian;191:Barengkrajan;192:8K;193:224,84;194:8;195:3;196:61262;197:9.200;199:3. Paving;200:4. Jalan lingkungan;201:-;202:1;204:0;205:3,5;206:1. Mulus (Tanpa Lubang);207:250;208:1. Iya;209:2. Tidak;210:1. Iya;211:0;212:1. < 40 Meter;213:1. Iya;214:1. Iya;216:9;217:1;218:1;219:2;220:3;221:2. Tidak Ada;222:-;223:0;224:-;225:2. Tidak;226:Pembaharuan data kosong di desa barengkrajan kec krian;","1654703131144.jpg","2022-06-08 22:26:40",,"14",,"1","0"
"91","080622224532","7","Mohammad Sholeh Saadilah","-","-","-","183:;184:Jl madu retno;185:Kepala desa barengkrajan;186:Happy Oktavianto pradana;187:Sekretaris desa;188:2. Musrenbang;189:-;190:Krian;191:Barengkrajan;192:8K;193:224,84;194:7;195:3;196:61262;197:9.200;199:1. Aspal;200:3. Jalan Lokal;201:-;202:0;204:0;205:3,5;206:2. Sedikit Lubang/Retakan;207:250;208:1. Iya;209:2. Tidak;210:1. Iya;211:0;212:1. < 40 Meter;213:1. Iya;214:1. Iya;216:13;217:2;218:1;219:0;220:3;221:2. Tidak Ada;222:-;223:0;224:-;225:2. Tidak;226:Pembaharuan data kosong di desa barengkrajan kec krian RT 7 RW 3;","1654703394228.jpg","2022-06-08 22:45:45",,"14",,"1","0"
"92","090622173801","7","Nuzul Purnama Putra","-","-","-","183:Sidoarjo;184:Jl. Jend. A. Yani;185:-;186:Purnomo;187:Carik;188:3. Lainnya;189:-;190:BalongBendo;191:Watesari;192:13K;193:183,58;194:1&5;195:1;196:-;197:3.889;199:1. Aspal;200:3. Jalan Lokal;201:;202:4;204:1;205:4,3;206:1. Mulus (Tanpa Lubang);207:849,4;208:1. Iya;209:2. Tidak;210:2. Tidak;211:0;212:1. < 40 Meter;213:1. Iya;214:2. Tidak;216:11;217:2;218:0;219:3;220:2;221:2. Tidak Ada;222:1;223:2;224:Perampasan Barang;225:2. Tidak;226:Jumlah titik PJU di Rt 1&5 Rw 1 ada 19. Pemasangan PJU minta dimulai dri titik akhir dahulu;","1654771794731.jpg","2022-06-09 17:38:19",,"15",,"1","0"
"93","090622174957","7","Nuzul Purnama Putra","-","-","-","183:Sidoarjo;184:Jl Kedung Bocok;185:-;186:A. Munip;187:Ketua BPD;188:3. Lainnya;189:-;190:Tarik;191:Kedung Bocok;192:11K;193:195,7;194:9;195:5;196:-;197:3.367;199:1. Aspal;200:3. Jalan Lokal;201:;202:2;204:1;205:3,5;206:2. Sedikit Lubang/Retakan;207:434.0;208:1. Iya;209:2. Tidak;210:2. Tidak;211:0;212:1. < 40 Meter;213:1. Iya;214:2. Tidak;216:5;217:1;218:1;219:9;220:4;221:2. Tidak Ada;222:0;223:2;224:Pencurian Sepeda & Perampasan;225:2. Tidak;226:Jumlah titik PJU di Rt 9 Rw 5 ada 10;","1654772354480.jpg","2022-06-09 17:50:16",,"15",,"1","0"
"94","090622175915","7","Nuzul Purnama Putra","-","-","-","183:Sidoarjo;184:Jl. Gajah Mada;185:-;186:Juwono;187:Perangkat Desa;188:3. Lainnya;189:-;190:Tarik;191:Janti;192:12K;193:210,910;194:8,9&10;195:1&2;196:-;197:3.065;199:5. Tanah;200:3. Jalan Lokal;201:;202:1;204:2;205:4,1;206:2. Sedikit Lubang/Retakan;207:497,1;208:1. Iya;209:2. Tidak;210:2. Tidak;211:0;212:1. < 40 Meter;213:1. Iya;214:2. Tidak;216:4;217:1;218:1;219:1;220:0;221:2. Tidak Ada;222:1;223:1;224:Perampasan Hp;225:2. Tidak;226:Jumlah titik PJU di Rt 8,9&10 Rw 1&2 ada 10;","1654772748941.jpg","2022-06-09 17:59:28",,"15",,"1","0"
"95","090622180551","7","Nuzul Purnama Putra","-","-","-","183:Taman;184:Jl Patar Lor;185:Vike Vidya A;186:Yeni;187:Sekertaris Desa;188:1. Pokir Dewan;189:;190:Sukodono;191:Ngaresrejo;192:6T;193:102,5;194:4,5&6;195:1;196:-;197:3.275;199:3. Paving;200:4. Jalan lingkungan;201:;202:3;204:1;205:3,6;206:1. Mulus (Tanpa Lubang);207:672,4;208:2. Tidak;209:2. Tidak;210:2. Tidak;211:0;212:1. < 40 Meter;213:1. Iya;214:2. Tidak;216:4;217:2;218:0;219:5;220:9;221:2. Tidak Ada;222:0;223:2;224:Pemalakan Dan Pencurian;225:2. Tidak;226:Jumlah titik PJU di Rt 4,5&6 Rw 1 ada 16 titik;","1654773185410.jpg","2022-06-09 18:06:52",,"15",,"1","0"
"96","090622181306","7","Nuzul Purnama Putra","-","-","-","183:Taman;184:Jl Maduretno;185:Ir. Hj. Nurhendrryatiningsih;186:Samsuri;187:Kepala Dusun;188:1. Pokir Dewan;189:;190:Taman;191:Pertapan Maduretno;192:15T;193:144;194:15&16;195:4;196:-;197:5.170;199:3. Paving;200:4. Jalan lingkungan;201:;202:2;204:1;205:4,1;206:1. Mulus (Tanpa Lubang);207:117,9;208:1. Iya;209:2. Tidak;210:2. Tidak;211:0;212:1. < 40 Meter;213:1. Iya;214:2. Tidak;216:2;217:2;218:0;219:0;220:2;221:2. Tidak Ada;222:0;223:1;224:Pencurian;225:2. Tidak;226:Jumlah titik PJU di Rt 15&16 Rw 4 ada 4 titik;","1654774205825.jpg","2022-06-09 18:14:01",,"15",,"1","0"
"97","090622183007","7","Nuzul Purnama Putra","-","-","-","183:Taman;184:Jl Banjar Pertapan;185:Ir. Hj. Nurhendrryatiningsih;186:Samsuri;187:Kepala Dusun;188:1. Pokir Dewan;189:;190:Taman;191:Pertapan Maduretno;192:15T;193:144;194:5&6;195:5;196:-;197:5.170;199:3. Paving;200:4. Jalan lingkungan;201:;202:5;204:1;205:4,1;206:1. Mulus (Tanpa Lubang);207:316,2;208:1. Iya;209:2. Tidak;210:2. Tidak;211:0;212:1. < 40 Meter;213:1. Iya;214:2. Tidak;216:6;217:2;218:0;219:0;220:1;221:2. Tidak Ada;222:0;223:2;224:Begal/Perampasan ;225:2. Tidak;226:Jumlah titik PJU di Rt 5&6 Rw 5 ada 6 Titik;","1654774864263.jpg","2022-06-09 18:30:22",,"15",,"1","0"
"98","090622184202","7","Nuzul Purnama Putra","-","-","-","183:Taman;184:Gang Menteng;185:Ir. Hj. Nurhendrryatiningsih;186:Nanik Rahayu;187:Kepala Dusun;188:1. Pokir Dewan;189:;190:Taman;191:Gilang;192:13T;193:107,9;194:15;195:4;196:-;197:5.521;199:3. Paving;200:4. Jalan lingkungan;201:;202:2;204:0;205:3,1;206:1. Mulus (Tanpa Lubang);207:116,4;208:1. Iya;209:2. Tidak;210:2. Tidak;211:0;212:1. < 40 Meter;213:1. Iya;214:2. Tidak;216:2;217:0;218:0;219:0;220:1;221:2. Tidak Ada;222:1;223:1;224:Perampasan;225:2. Tidak;226:Jumlah titik PJU di Rt 15 Rw 4 ada 3 Titik;","1654775497308.jpg","2022-06-09 18:44:23",,"15",,"1","0"
"99","090622185138","7","Nuzul Purnama Putra","-","-","-","183:Taman;184:Dusun Gilang Utara;185:Ir. Hj. Nurhendrryatiningsih;186:Nanik Rahayu;187:Kepala Dusun;188:1. Pokir Dewan;189:;190:Taman;191:Gilang;192:13T;193:107,9;194:24&25;195:7;196:-;197:5.521;199:3. Paving;200:4. Jalan lingkungan;201:;202:5;204:0;205:4,2;206:1. Mulus (Tanpa Lubang);207:356,5;208:1. Iya;209:2. Tidak;210:2. Tidak;211:0;212:1. < 40 Meter;213:1. Iya;214:2. Tidak;216:11;217:3;218:0;219:1;220:4;221:2. Tidak Ada;222:1;223:2;224:Pencurian;225:1. Iya;226:Jumlah titik PJU di Rt 24&25 Rw 7 ada 11 Titik;","1654775801803.jpg","2022-06-09 18:51:47",,"15",,"1","0"
"100","090622185642","7","Nuzul Purnama Putra","-","-","-","183:Taman;184:Jl Perbatasan Tawang Sari;185:Ir. Hj. Nurhendrryatiningsih;186:Nanik Rahayu;187:Kepala Dusun;188:1. Pokir Dewan;189:;190:Taman;191:Gilang;192:13T;193:107,9;194:23;195:7;196:-;197:5.521;199:1. Aspal;200:4. Jalan lingkungan;201:;202:1;204:0;205:4,3;206:2. Sedikit Lubang/Retakan;207:59,7;208:1. Iya;209:2. Tidak;210:2. Tidak;211:0;212:1. < 40 Meter;213:1. Iya;214:2. Tidak;216:2;217:1;218:0;219:0;220:0;221:2. Tidak Ada;222:0;223:1;224:Pencurian barang;225:2. Tidak;226:Jumlah titik PJU di Rt 23 Rw 7 ada 2 titik;","1654776102907.jpg","2022-06-09 18:56:54",,"15",,"1","0"
"101","090622190144","7","Nuzul Purnama Putra","-","-","-","183:Taman;184:Dusun Kletek Gang 1;185:Ir. Hj. Nurhendrryatiningsih;186:Viki;187:Kasi;188:1. Pokir Dewan;189:;190:Taman;191:Kletek;192:14T;193:108;194:8&9;195:4;196:-;197:7.843;199:1. Aspal;200:3. Jalan Lokal;201:;202:1;204:0;205:5,9;206:1. Mulus (Tanpa Lubang);207:99,6;208:1. Iya;209:2. Tidak;210:2. Tidak;211:0;212:1. < 40 Meter;213:1. Iya;214:2. Tidak;216:13;217:4;218:1;219:0;220:1;221:2. Tidak Ada;222:1;223:2;224:Perampasan;225:2. Tidak;226:Jumlah titik PJU di Rt 8&9 Rw 4 ada 4 Titik;","1654776434190.jpg","2022-06-09 19:02:24",,"15",,"1","0"
"102","090622190715","7","Nuzul Purnama Putra","-","-","-","183:Taman;184:Jl Taman Penyanggong Asri;185:Ir. Hj. Nurhendrryatiningsih;186:Viki;187:Kasi;188:1. Pokir Dewan;189:;190:Taman;191:Kletek;192:14T;193:108;194:25;195:10;196:-;197:7.843;199:3. Paving;200:4. Jalan lingkungan;201:;202:4;204:0;205:5,0;206:1. Mulus (Tanpa Lubang);207:157,4;208:1. Iya;209:2. Tidak;210:2. Tidak;211:0;212:1. < 40 Meter;213:1. Iya;214:2. Tidak;216:7;217:1;218:0;219:0;220:1;221:2. Tidak Ada;222:0;223:1;224:Pencurian ;225:2. Tidak;226:Jumlah titik PJU di Rt 25 Rw 10 ada 5 titik;","1654776802917.jpg","2022-06-09 19:07:25",,"15",,"1","0"
"103","090622191324","7","Nuzul Purnama Putra","-","-","-","183:Taman;184:Jl Penyanggong 3;185:Ir. Hj. Nurhendrryatiningsih;186:Viki;187:Kasi;188:1. Pokir Dewan;189:;190:Taman;191:Kletek;192:14T;193:108;194:26&27;195:11;196:-;197:7.843;199:3. Paving;200:4. Jalan lingkungan;201:;202:3;204:0;205:3,8;206:1. Mulus (Tanpa Lubang);207:140,5;208:1. Iya;209:2. Tidak;210:2. Tidak;211:0;212:1. < 40 Meter;213:1. Iya;214:2. Tidak;216:7;217:0;218:0;219:0;220:3;221:2. Tidak Ada;222:0;223:2;224:Pencurian;225:2. Tidak;226:Jumlah titik PJU di Rt 26&27 Rw 11 ada 4 titik;","1654777043866.jpg","2022-06-09 19:13:33",,"15",,"1","0"
"104","090622191724","7","Nuzul Purnama Putra","-","-","-","183:Taman;184:Jl Anggrek;185:Ir. Hj. Nurhendrryatiningsih;186:Viki;187:Kasi;188:1. Pokir Dewan;189:;190:Taman;191:Kletek;192:14T;193:108;194:20,21&22;195:8&9;196:-;197:7.843;199:3. Paving;200:4. Jalan lingkungan;201:;202:4;204:2;205:3,7;206:1. Mulus (Tanpa Lubang);207:91,9;208:1. Iya;209:2. Tidak;210:2. Tidak;211:0;212:1. < 40 Meter;213:1. Iya;214:2. Tidak;216:6;217:2;218:0;219:0;220:5;221:2. Tidak Ada;222:1;223:1;224:Pencurian;225:2. Tidak;226:Jumlah titik PJU di Rt 20,21&22 Rw 8&9 ada 3 Titik;","1654777320504.jpg","2022-06-09 19:17:37",,"15",,"1","0"
"105","090622192201","7","Nuzul Purnama Putra","-","-","-","183:Taman;184:Jl Tj. Sari dan Jl Tl. Bunder;185:H. Haris;186:Billy & Hartono;187:TU & Bendahara;188:1. Pokir Dewan;189:;190:Gedangan;191:Keboan Anom;192:11T;193:256,7;194:2,3&4;195:2;196:-;197:9.126;199:1. Aspal;200:4. Jalan lingkungan;201:;202:11;204:1;205:4,8;206:1. Mulus (Tanpa Lubang);207:925,8;208:1. Iya;209:2. Tidak;210:2. Tidak;211:0;212:1. < 40 Meter;213:1. Iya;214:2. Tidak;216:14;217:4;218:1;219:1;220:3;221:2. Tidak Ada;222:1;223:3;224:Pencurian Burung&Sepeda;225:2. Tidak;226:Jumlah titik PJU di Rt 2,3&4 Rw 2 ada 19 titik;","1654777783484.jpg","2022-06-09 19:22:50",,"15",,"1","0"
"106","090622192944","7","Nuzul Purnama Putra","-","-","-","183:Porong;184:Dusun Sudimoro Utara;185:-;186:Sudarman ;187:Kepala Dusun;188:3. Lainnya;189:-;190:Tulangan;191:Sudimoro;192:3P;193:108,511;194:4;195:1;196:-;197:4.747;199:1. Aspal;200:3. Jalan Lokal;201:;202:4;204:0;205:5,0;206:1. Mulus (Tanpa Lubang);207:309,7;208:2. Tidak;209:2. Tidak;210:2. Tidak;211:0;212:1. < 40 Meter;213:1. Iya;214:2. Tidak;216:15;217:7;218:2;219:0;220:3;221:2. Tidak Ada;222:1;223:2;224:Perampasan HP dan Tas;225:2. Tidak;226:Jumlah titik PJU di Rt 4 Rw 1 ada 6 titik;","1654781761628.jpg","2022-06-09 20:25:34",,"15",,"1","0"
"107","090622203603","7","Nuzul Purnama Putra","-","-","-","183:Porong;184:Dusun Sudimoro Gang Masjid;185:-;186:Sudarman ;187:Kepala Dusun;188:3. Lainnya;189:-;190:Tulangan;191:Sudimoro;192:3P;193:108,511;194:1&2;195:2;196:-;197:4.747;199:1. Aspal;200:3. Jalan Lokal;201:;202:3;204:0;205:4,1;206:1. Mulus (Tanpa Lubang);207:330,7;208:1. Iya;209:2. Tidak;210:2. Tidak;211:0;212:1. < 40 Meter;213:1. Iya;214:2. Tidak;216:7;217:2;218:1;219:0;220:0;221:2. Tidak Ada;222:0;223:1;224:Pencurian ;225:2. Tidak;226:Jumlah titik PJU di Rt 1&2 Rw 2 ada 7 titik;","1654782030065.jpg","2022-06-09 20:36:13",,"15",,"1","0"
"108","090622204030","7","Nuzul Purnama Putra","-","-","-","183:Porong;184:Jl Semar;185:-;186:Sudarman ;187:Kepala Dusun;188:3. Lainnya;189:-;190:Tulangan;191:Sudimoro;192:3P;193:108,511;194:4;195:2;196:-;197:4.747;199:3. Paving;200:4. Jalan lingkungan;201:;202:1;204:0;205:4;206:1. Mulus (Tanpa Lubang);207:57,8;208:1. Iya;209:2. Tidak;210:2. Tidak;211:0;212:1. < 40 Meter;213:1. Iya;214:2. Tidak;216:2;217:0;218:0;219:1;220:0;221:2. Tidak Ada;222:0;223:1;224:Pencurian;225:2. Tidak;226:Jumlah titik PJU di Rt 4 Rw 2 ada 1 titik;","1654782218911.jpg","2022-06-09 20:40:39",,"15",,"1","0"
"109","090622204340","7","Nuzul Purnama Putra","-","-","-","183:Porong;184:Dusun Kedung Nolo;185:-;186:Jalal;187:Kepala Dusun;188:3. Lainnya;189:-;190:Krembung;191:Tajek Wagir;192:9P;193:173;194:17;195:9;196:-;197:3.537;199:5. Tanah;200:4. Jalan lingkungan;201:;202:1;204:0;205:4,3;206:2. Sedikit Lubang/Retakan;207:259,0;208:1. Iya;209:2. Tidak;210:2. Tidak;211:0;212:2. > 40 Meter;213:1. Iya;214:2. Tidak;216:2;217:0;218:0;219:1;220:1;221:2. Tidak Ada;222:0;223:1;224:Pemalakan;225:2. Tidak;226:Jumlah titik PJU di Rt 17 Rw 9 ada 8 titik;","1654782579041.jpg","2022-06-09 20:44:17",,"15",,"1","0"
"110","090622233916","7","Nuzul Purnama Putra","-","-","-","183:Porong;184:Dusun Kesimbukan;185:Kepala Desa Mojoruntut;186:Ika;187:Kepala Dusun;188:3. Lainnya;189:-;190:Krembung;191:Mojoruntut;192:10P;193:244;194:1&2;195:1;196:-;197:6.500;199:3. Paving;200:4. Jalan lingkungan;201:;202:1;204:0;205:3,1;206:1. Mulus (Tanpa Lubang);207:301,2;208:1. Iya;209:2. Tidak;210:2. Tidak;211:0;212:2. > 40 Meter;213:2. Tidak;214:2. Tidak;216:5;217:0;218:0;219:0;220:2;221:2. Tidak Ada;222:0;223:1;224:Pencurian;225:2. Tidak;226:Jumlah titik PJU di Rt 1&2 Rw 1 ada 9 titik;","1654793275027.jpg","2022-06-09 23:39:28",,"15",,"1","0"
"111","090622234756","7","Nuzul Purnama Putra","-","-","-","183:Porong;184:Dusun Simo;185:Kepala Desa Mojoruntut;186:Ika;187:Kepala Dusun;188:3. Lainnya;189:-;190:Krembung;191:Mojoruntut;192:10P;193:244;194:7&8;195:4;196:-;197:6.500;199:3. Paving;200:4. Jalan lingkungan;201:;202:2;204:0;205:3,4;206:1. Mulus (Tanpa Lubang);207:300,3;208:1. Iya;209:2. Tidak;210:2. Tidak;211:0;212:2. > 40 Meter;213:2. Tidak;214:2. Tidak;216:3;217:0;218:0;219:1;220:3;221:2. Tidak Ada;222:0;223:1;224:Pencurian;225:2. Tidak;226:Jumlah titik PJU di Rt 7&8 Rw 4 ada 9 titik;","1654793593631.jpg","2022-06-09 23:48:07",,"15",,"1","0"
"112","090622235314","7","Nuzul Purnama Putra","-","-","-","183:Porong;184:Dusun Biting;185:Kepala Desa Mojoruntut;186:Budiman;187:Kepala Dusun;188:3. Lainnya;189:-;190:Krembung;191:Mojoruntut;192:10P;193:244;194:23&24;195:12;196:-;197:6.500;199:1. Aspal;200:3. Jalan Lokal;201:;202:1;204:0;205:3,8;206:1. Mulus (Tanpa Lubang);207:267,3;208:1. Iya;209:2. Tidak;210:2. Tidak;211:0;212:1. < 40 Meter;213:1. Iya;214:2. Tidak;216:7;217:3;218:0;219:2;220:1;221:2. Tidak Ada;222:0;223:2;224:Pencurian Sepeda dan Pemalakan;225:2. Tidak;226:Jumlah titik PJU di Rt 23&24 Rw 12 ada 9 titik;","1654793843543.jpg","2022-06-09 23:53:34",,"15",,"1","0"
"113","090622235724","7","Nuzul Purnama Putra","-","-","-",,"1654794089811.jpg","2022-06-09 23:57:37",,"15",,"1","0"
"114","100622000516","7","Nuzul Purnama Putra","-","-","-","183:Porong;184:Dusun Buntut;185:Kepala Desa Mojoruntut;186:Abya Mawanto;187:Kepala Dusun;188:3. Lainnya;189:-;190:Krembung;191:Mojoruntut;192:10P;193:244;194:12,13&14;195:7;196:-;197:6.500;199:3. Paving;200:4. Jalan lingkungan;201:;202:2;204:1;205:3,5;206:1. Mulus (Tanpa Lubang);207:322,0;208:1. Iya;209:2. Tidak;210:2. Tidak;211:0;212:1. < 40 Meter;213:1. Iya;214:2. Tidak;216:3;217:0;218:0;219:1;220:5;221:2. Tidak Ada;222:0;223:1;224:Pencurian;225:2. Tidak;226:Jumlah titik PJU di Rt 12,13&14 Rw 7 ada 10 titik;","1654794658470.jpg","2022-06-10 00:05:35",,"15",,"1","0"
"115","100622001059","7","Nuzul Purnama Putra","-","-","-","183:Porong;184:Dusun Jabon;185:Kepala Desa Mojoruntut;186:Abya Mawanto;187:Kepala Dusun;188:3. Lainnya;189:-;190:Krembung;191:Mojoruntut;192:10P;193:244;194:15,16&17;195:8;196:-;197:6.500;199:3. Paving;200:4. Jalan lingkungan;201:;202:2;204:1;205:3,5;206:1. Mulus (Tanpa Lubang);207:517,6;208:1. Iya;209:2. Tidak;210:2. Tidak;211:0;212:1. < 40 Meter;213:1. Iya;214:2. Tidak;216:5;217:1;218:0;219:2;220:5;221:2. Tidak Ada;222:0;223:2;224:Pemalakan dan Minum""an beralkohol;225:2. Tidak;226:Jumlah titik PJU di Rt 15,16&17 Rw 8 ada 15 titik;","1654794923666.jpg","2022-06-10 00:11:13",,"15",,"1","0"
"116","100622111953","7","Mohammad Sholeh Saadilah","-","-","-","183:SIDOARJO;184:Jl kyai faqih shodiq;185:H mimik idayana;186:Masrukin;187:Kepala dusun durung bedug pesantren;188:1. Pokir Dewan;189:-;190:Candi;191:Durung bedug;192:1S;193:297,28;194:1;195:1;196:61271;197:7.700;199:3. Paving;200:4. Jalan lingkungan;201:-;202:1;204:1;205:2,5;206:1. Mulus (Tanpa Lubang);207:250;208:1. Iya;209:2. Tidak;210:2. Tidak;211:0;212:1. < 40 Meter;213:1. Iya;214:2. Tidak;216:9;217:0;218:0;219:4;220:6;221:2. Tidak Ada;222:-;223:0;224:-;225:2. Tidak;226:-;","1654835100349.jpg","2022-06-10 11:20:09",,"14",,"1","0"
"117","100622112502","7","Mohammad Sholeh Saadilah","-","-","-","183:SIDOARJO;184:Jl madrasah;185:H mimik idayana;186:Masrukin;187:Kepala dusun durung bedug pesantren;188:1. Pokir Dewan;189:-;190:Candi;191:Durung bedug;192:1S;193:297,28;194:2;195:1;196:61271;197:7.700;199:3. Paving;200:4. Jalan lingkungan;201:-;202:1;204:1;205:2,5;206:1. Mulus (Tanpa Lubang);207:300;208:1. Iya;209:2. Tidak;210:2. Tidak;211:0;212:1. < 40 Meter;213:1. Iya;214:1. Iya;216:10;217:2;218:0;219:4;220:5;221:2. Tidak Ada;222:-;223:0;224:-;225:1. Iya;226:-;","1654835309396.jpg","2022-06-10 11:25:16",,"14",,"1","0"
"118","100622112832","7","Mohammad Sholeh Saadilah","-","-","-","183:SIDOARJO;184:Jl tulip;185:H mimik idayana;186:Masrukin;187:Kepala dusun durung bedug pesantren;188:1. Pokir Dewan;189:-;190:Candi;191:Durung bedug;192:1S;193:297,28;194:18;195:4;196:61271;197:7.700;199:3. Paving;200:4. Jalan lingkungan;201:-;202:1;204:0;205:2,5;206:2. Sedikit Lubang/Retakan;207:300;208:1. Iya;209:2. Tidak;210:2. Tidak;211:0;212:1. < 40 Meter;213:1. Iya;214:2. Tidak;216:5;217:0;218:0;219:4;220:2;221:2. Tidak Ada;222:-;223:0;224:-;225:2. Tidak;226:Data keterangan yg sebenarnya RT 18 RW 4, bukan RT 8 RW 4;","1654835555860.jpg","2022-06-10 11:28:45",,"14",,"1","0"
"119","100622113237","7","Mohammad Sholeh Saadilah","-","-","-","183:SIDOARJO;184:Jl anggrek;185:H mimik idayana;186:Masrukin;187:Kepala dusun durung bedug pesantren;188:1. Pokir Dewan;189:-;190:Candi;191:Durung bedug;192:1S;193:297,28;194:26;195:6;196:61271;197:7.700;199:3. Paving;200:4. Jalan lingkungan;201:-;202:0;204:0;205:3;206:2. Sedikit Lubang/Retakan;207:54;208:1. Iya;209:2. Tidak;210:1. Iya;211:0;212:1. < 40 Meter;213:1. Iya;214:1. Iya;216:4;217:2;218:0;219:4;220:3;221:2. Tidak Ada;222:0;223:0;224:-;225:2. Tidak;226:-;","1654835771439.jpg","2022-06-10 11:32:49",,"14",,"1","0"
"120","100622133455","7","Mohammad Sholeh Saadilah","-","-","-","183:SIDOARJO;184:Jl Seroja gg gajah;185:Kantor kelurahan pucanganom;186:Astrijono bakti;187:Sekretaris kelurahan;188:2. Musrenbang;189:-;190:Candi;191:Pucanganom;192:3S;193:40,34;194:7,8,10,12,13;195:2,3;196:61271;197:5.852;199:3. Paving;200:4. Jalan lingkungan;201:-;202:4;204:0;205:3,5;206:1. Mulus (Tanpa Lubang);207:374,43;208:1. Iya;209:2. Tidak;210:2. Tidak;211:0;212:1. < 40 Meter;213:1. Iya;214:1. Iya;216:7;217:1;218:0;219:5;220:6;221:2. Tidak Ada;222:-;223:0;224:-;225:2. Tidak;226:Kelurahan pucanganom, data alamat RT/RW di rubah di RT 7,8,10,12,13 RW 2,3, panjang jalan 374,43 meter.;","1654843334783.jpg","2022-06-10 13:35:11",,"14",,"1","0"
"121","110622121800","7","Mohammad Sholeh Saadilah","-","-","-","183:SIDOARJO;184:JL Wungu;185:Kepala desa banjarwungu;186:imam supi'i;187:kepala desa ;188:2. Musrenbang;189:-;190:Tarik;191:Banjarwungu;192:10k;193:164;194:10,11,13;195:3;196:61265;197:3.321;199:1. Aspal;200:3. Jalan Lokal;201:-;202:2;204:1;205:4;206:2. Sedikit Lubang/Retakan;207:500;208:1. Iya;209:2. Tidak;210:1. Iya;211:0;212:1. < 40 Meter;213:1. Iya;214:1. Iya;216:9;217:2;218:1;219:0;220:4;221:2. Tidak Ada;222:1;223:1;224:pencurian barang rumah tangga dan lainnya;225:1. Iya;226:Lokasi yang akan di bangun PJU berada di jl depan kantor desa banjar wungu s/d perbatas desa kurang lenih panjang jalan 500 meter;","1654925043415.jpg","2022-06-11 12:18:14",,"14",,"1","0"
"122","110622122409","7","Mohammad Sholeh Saadilah","-","-","-","183:SIDOARJO;184:jl prabu joko;185:Kayan S.h.;186:singgih bayu purnomo;187:kepala dusun seketi;188:1. Pokir Dewan;189:-;190:Balong bendo;191:Seketi;192:6K;193:221,90;194:2;195:8;196:61263;197:5.696;199:3. Paving;200:4. Jalan lingkungan;201:-;202:0;204:0;205:3;206:2. Sedikit Lubang/Retakan;207:200;208:1. Iya;209:2. Tidak;210:2. Tidak;211:0;212:1. < 40 Meter;213:1. Iya;214:2. Tidak;216:3;217:0;218:0;219:2;220:3;221:2. Tidak Ada;222:-;223:-;224:-;225:1. Iya;226:lokasi PJU satu jalur dengan RT 3;","1654926275662.jpg","2022-06-11 12:35:56",,"14",,"1","0"
"123","110622124438","7","Mohammad Sholeh Saadilah","-","-","-","183:SIDOARJO;184:jl di ponegoro;185:H. Choirul hidayat;186:Jama'adi;187:kepala dusun sekar;188:1. Pokir Dewan;189:-;190:Sidoarjo;191:Lebo;192:2S;193:202,25;194:8;195:3;196:61223;197:5.946;199:3. Paving;200:4. Jalan lingkungan;201:-;202:1;204:0;205:2,5;206:2. Sedikit Lubang/Retakan;207:130,50;208:1. Iya;209:2. Tidak;210:2. Tidak;211:0;212:1. < 40 Meter;213:1. Iya;214:2. Tidak;216:3;217:0;218:0;219:0;220:2;221:2. Tidak Ada;222:-;223:-;224:-;225:2. Tidak;226:tambahan lebo kurang di rt 8 rw 3;","1654930054893.jpg","2022-06-11 13:40:32",,"14",,"1","0"
"124","110622204131","7","Nuzul Purnama Putra","-","-","-","183:Porong;184:Dusun Buntut;185:Kepala Desa Mojoruntut;186:Abya Mawanto;187:Kepala Dusun;188:3. Lainnya;189:-;190:Krembung;191:Mojoruntut;192:10P;193:244;194:9;195:5;196:-;197:6.500;199:3. Paving;200:4. Jalan lingkungan;201:;202:1;204:0;205:3,5;206:1. Mulus (Tanpa Lubang);207:82,5;208:1. Iya;209:2. Tidak;210:2. Tidak;211:0;212:1. < 40 Meter;213:1. Iya;214:2. Tidak;216:3;217:0;218:0;219:1;220:1;221:2. Tidak Ada;222:0;223:0;224:-;225:2. Tidak;226:Jumlah titik PJU di Rt 9 Rw 5 ada 3 titik;","1654955178348.jpg","2022-06-11 20:41:42",,"15",,"1","0"
"125","110622204619","7","Nuzul Purnama Putra","-","-","-",,,"2022-06-11 21:03:11",,"15",,"0","0"
"126","120622121422","7","Nuzul Purnama Putra","-","-","-","183:Taman;184:Jl Perumahan RRI;185:Warih Andono;186:Miko;187:Kepala Desa;188:1. Pokir Dewan;189:;190:Waru;191:Kedung Rejo;192:7T;193:-;194:29;195:6;196:-;197:-;199:3. Paving;200:4. Jalan lingkungan;201:;202:2;204:0;205:3,3;206:1. Mulus (Tanpa Lubang);207:48,7;208:1. Iya;209:2. Tidak;210:2. Tidak;211:0;212:1. < 40 Meter;213:1. Iya;214:2. Tidak;216:3;217:1;218:0;219:0;220:5;221:2. Tidak Ada;222:0;223:0;224:-;225:2. Tidak;226:Jumlah titik PJU di Rt 29 Rw 6 ada 1 titik;","1655011234948.jpg","2022-06-12 12:14:34",,"15",,"1","0"
"127","120622122038","7","Nuzul Purnama Putra","-","-","-","183:Taman;184:Jl Brigjen Katamso 3;185:Warih Andono;186:Miko;187:Kepala Desa;188:1. Pokir Dewan;189:;190:Waru;191:Kedung Rejo;192:7T;193:-;194:26;195:6;196:-;197:-;199:3. Paving;200:4. Jalan lingkungan;201:;202:1;204:1;205:3,8;206:1. Mulus (Tanpa Lubang);207:51,1;208:1. Iya;209:2. Tidak;210:2. Tidak;211:0;212:1. < 40 Meter;213:1. Iya;214:2. Tidak;216:7;217:2;218:0;219:1;220:3;221:2. Tidak Ada;222:1;223:0;224:-;225:2. Tidak;226:Jumlah titik PJU di Rt 26 Rw 6 ada 1 titik;","1655011456885.jpg","2022-06-12 12:20:58",,"15",,"1","0"
"128","120622122417","7","Nuzul Purnama Putra","-","-","-","183:Taman;184:Jl Brigjen Katamso 2;185:Warih Andono;186:Agung;187:Perangkat Desa;188:1. Pokir Dewan;189:;190:Waru;191:Kedung Rejo;192:7T;193:-;194:21,22&23;195:5;196:-;197:-;199:3. Paving;200:4. Jalan lingkungan;201:;202:7;204:0;205:4,2;206:1. Mulus (Tanpa Lubang);207:460,7;208:1. Iya;209:2. Tidak;210:2. Tidak;211:0;212:1. < 40 Meter;213:1. Iya;214:2. Tidak;216:9;217:2;218:0;219:3;220:7;221:2. Tidak Ada;222:0;223:1;224:Pencurian motor;225:2. Tidak;226:Jumlah titik PJU di Rt 21,22&23 Rw 5 ada 7 titik;","1655011847372.jpg","2022-06-12 12:24:34",,"15",,"1","0"
"129","120622123048","7","Nuzul Purnama Putra","-","-","-","183:Taman;184:Jl Kedung Rejo Timur;185:Warih Andono;186:Didik M;187:Rw;188:1. Pokir Dewan;189:;190:Waru;191:Kedung Rejo;192:7T;193:-;194:1&13;195:1&3;196:-;197:-;199:3. Paving;200:3. Jalan Lokal;201:;202:9;204:0;205:4,1;206:1. Mulus (Tanpa Lubang);207:485,6;208:1. Iya;209:2. Tidak;210:2. Tidak;211:3;212:1. < 40 Meter;213:1. Iya;214:2. Tidak;216:16;217:4;218:3;219:3;220:11;221:2. Tidak Ada;222:1;223:2;224:Pencurian & Pencopetan;225:1. Iya;226:Jumlah titik PJU di Rt 1&13 Re 1&3 ada 6 titik;","1655012243930.jpg","2022-06-12 12:30:58",,"15",,"1","0"
"130","120622123725","7","Nuzul Purnama Putra","-","-","-","183:Taman;184:Jl Pasir Timur;185:Achmad Muzayyin;186:-;187:-;188:1. Pokir Dewan;189:;190:Gedangan;191:Wedi;192:10T;193:-;194:-;195:-;196:-;197:-;199:3. Paving;200:4. Jalan lingkungan;201:;202:2;204:1;205:3,8;206:1. Mulus (Tanpa Lubang);207:129,7;208:1. Iya;209:2. Tidak;210:2. Tidak;211:0;212:1. < 40 Meter;213:1. Iya;214:2. Tidak;216:5;217:2;218:0;219:0;220:3;221:2. Tidak Ada;222:1;223:1;224:Pencurian;225:2. Tidak;226:Jumlah titik PJU ada 5 ;","1655012792439.jpg","2022-06-12 12:39:23",,"15",,"1","0"
"131","120622124633","7","Nuzul Purnama Putra","-","-","-","183:Taman;184:Jalan Tembus Desa Tebel dan Desa Punggul;185:Achmad Muzayyin;186:-;187:-;188:1. Pokir Dewan;189:;190:Gedangan;191:Tebel;192:12T;193:-;194:4;195:6;196:-;197:-;199:1. Aspal;200:3. Jalan Lokal;201:;202:2;204:2;205:4,3;206:1. Mulus (Tanpa Lubang);207:402,5;208:1. Iya;209:2. Tidak;210:2. Tidak;211:0;212:1. < 40 Meter;213:1. Iya;214:2. Tidak;216:6;217:0;218:0;219:3;220:13;221:2. Tidak Ada;222:0;223:1;224:Pemalakan & Minum Minuman Keras;225:2. Tidak;226:Jumlah titik PJU di Rt 4 Rw 6 ada 14 titik;","1655013190562.jpg","2022-06-12 12:48:37",,"15",,"1","0"
"132","120622125311","7","Nuzul Purnama Putra","-","-","-","183:Taman;184:Dusun Jumput Rejo;185:Vike Vidya A;186:Erik P;187:Kasi;188:1. Pokir Dewan;189:;190:Sukodono;191:Jumputrejo;192:4T;193:-;194:27&28;195:9;196:-;197:-;199:3. Paving;200:4. Jalan lingkungan;201:;202:4;204:0;205:3,7;206:1. Mulus (Tanpa Lubang);207:816,5;208:1. Iya;209:2. Tidak;210:2. Tidak;211:0;212:1. < 40 Meter;213:1. Iya;214:2. Tidak;216:5;217:1;218:0;219:4;220:3;221:2. Tidak Ada;222:0;223:2;224:Pencurian & Pemalakan;225:2. Tidak;226:Jumlah titik PJU di RRT 27&28 Rw 9 ada 16;","1655013699048.jpg","2022-06-12 12:55:53",,"15",,"1","0"
"133","120622130139","7","Nuzul Purnama Putra","-","-","-","183:Taman;184:Jl Gajah Mada;185:Warih Andono;186:Andi A;187:Kepala Dusun;188:1. Pokir Dewan;189:;190:Gedangan;191:Sawotratap;192:8T;193:189.400;194:1&2;195:10;196:-;197:14.000;199:3. Paving;200:3. Jalan Lokal;201:;202:3;204:4;205:4,2;206:1. Mulus (Tanpa Lubang);207:238,6;208:1. Iya;209:2. Tidak;210:2. Tidak;211:0;212:1. < 40 Meter;213:1. Iya;214:2. Tidak;216:13;217:6;218:2;219:2;220:7;221:2. Tidak Ada;222:0;223:2;224:Pencurian motor dan Pembobolan rumah;225:2. Tidak;226:Jumlah titik PJU di Rt 1&2 Rw 10 ada 10 titik ;","1655014133206.jpg","2022-06-12 13:01:48",,"15",,"1","0"
"134","120622130854","7","Nuzul Purnama Putra","-","-","-","183:Porong;184:Jl Masjid Rohmat;185:-;186:I. Haryanto;187:Staff Kelurahan;188:3. Lainnya;189:-;190:Tulangan;191:Pangkemiri;192:5P;193:145;194:5;195:2;196:-;197:3.838;199:3. Paving;200:4. Jalan lingkungan;201:;202:2;204:0;205:3,3;206:1. Mulus (Tanpa Lubang);207:264,1;208:1. Iya;209:2. Tidak;210:2. Tidak;211:;212:1. < 40 Meter;213:1. Iya;214:2. Tidak;216:3;217:1;218:0;219:3;220:5;221:2. Tidak Ada;222:0;223:1;224:Pencurian;225:2. Tidak;226:Jumlah Titik PJU di Rt 5 Rw 2 ada 5;","1655014648603.jpg","2022-06-12 13:12:20",,"15",,"1","0"
"135","130622115918","7","Mohammad Sholeh Saadilah","-","-","-","183:SIDOARJO;184:Jl pondok buana;185:Kepala desa Bluru kidul;186:Syamsudin;187:Sekretaris desa;188:2. Musrenbang;189:-;190:Sidoarjo;191:Bluru kidul;192:11S;193:260,871;194:RT 1,2 RW 7 RT 1 RW 8;195:RT 1,2 RW 7 RT 1 RW 8;196:61233;197:19.353;199:3. Paving;200:4. Jalan lingkungan;201:-;202:2;204:0;205:4;206:2. Sedikit Lubang/Retakan;207:419,42;208:1. Iya;209:2. Tidak;210:1. Iya;211:0;212:1. < 40 Meter;213:1. Iya;214:2. Tidak;216:15;217:4;218:0;219:1;220:2;221:2. Tidak Ada;222:Tidak ada;223:0;224:0;225:2. Tidak;226:Lokasi line garis (mapinr) per RW beda, RT 1,2 RW 7 panjang jalur 363,99 meter dan RT 1 RW 8 55,43 meter, nama jalan pondok buana, RW 7 8 titik RW 8 2 titik.;","1655097220290.jpg","2022-06-13 11:59:34",,"14",,"1","0"
"136","130622121343","7","Mohammad Sholeh Saadilah","-","-","-","183:SIDOARJO;184:Jl melati;185:Kepala desa Bluru kidul;186:Syamsudin;187:Sekretaris desa;188:2. Musrenbang;189:-;190:Sidoarjo;191:Bluru kidul;192:12S;193:260,871;194:RT 1,2 RW 1. RT 1,2 RW 2. RT 1,2 RW 3;195:RT 1,2 RW 1. RT 1,2 RW 2. RT 1,2 RW 3;196:61233;197:19.353;199:3. Paving;200:4. Jalan lingkungan;201:-;202:1;204:1;205:2;206:2. Sedikit Lubang/Retakan;207:431,45;208:1. Iya;209:2. Tidak;210:2. Tidak;211:0;212:1. < 40 Meter;213:1. Iya;214:2. Tidak;216:4;217:0;218:0;219:10;220:6;221:2. Tidak Ada;222:Tidak ada;223:0;224:-;225:2. Tidak;226:-;","1655097507891.jpg","2022-06-13 12:13:58",,"14",,"1","0"
"137","130622121830","7","Mohammad Sholeh Saadilah","-","-","-","183:SIDOARJO;184:Jl sekawan anggun;185:Lurah bulusidokare;186:Samsul afandi;187:Staf kesra;188:2. Musrenbang;189:-;190:Sidoarjo;191:Bulisidokare ;192:6S;193:43,96;194:RT 44,45;195:RW 8;196:61233;197:8.738;199:1. Aspal;200:3. Jalan Lokal;201:-;202:1;204:1;205:4;206:3. Banyak Lubang/Retakan;207:424;208:1. Iya;209:1. Iya;210:1. Iya;211:3;212:1. < 40 Meter;213:1. Iya;214:1. Iya;216:25;217:11;218:3;219:0;220:0;221:1. Iya;222:2;223:0;224:-;225:2. Tidak;226:10 titik di bagi menjadi 2 line, 1 jalur line 4 titik, 2 jalur line 6 titik, di RT 44,45 RW 8 desa bulusidokare ;","1655098072233.jpg","2022-06-13 12:18:44",,"14",,"1","0"
"138","140622121458","7","Nuzul Purnama Putra","-","-","-",,,"2022-06-14 12:15:09",,"15",,"0","0"
"139","140622123357","7","Mohammad Sholeh Saadilah","-","-","-","183:SIDOARJO;184:Jl sadewa;185:Kepala desa kebonsari;186:Khozin;187:Kepala dusun somban;188:2. Musrenbang;189:-;190:Candi;191:Kebonsari;192:8S;193:153,141;194:1;195:2;196:61271;197:7.104;199:1. Aspal;200:4. Jalan lingkungan;201:-;202:2;204:0;205:3;206:1. Mulus (Tanpa Lubang);207:103,92;208:1. Iya;209:2. Tidak;210:2. Tidak;211:0;212:1. < 40 Meter;213:1. Iya;214:2. Tidak;216:7;217:0;218:0;219:5;220:3;221:2. Tidak Ada;222:-;223:0;224:-;225:2. Tidak;226:Di kebonsari RT 1 RW 2 ada 3 titik di jl sadewa;","1655185358764.jpg","2022-06-14 12:34:09",,"14",,"1","0"
"140","140622124239","7","Mohammad Sholeh Saadilah","-","-","-","183:SIDOARJO;184:Jl krisna;185:Kepala desa kebonsari;186:Khozin;187:Kepala dusun somban;188:2. Musrenbang;189:-;190:Candi;191:Kebonsari;192:8S;193:153,141;194:2,3;195:3;196:61271;197:7.104;199:3. Paving;200:4. Jalan lingkungan;201:-;202:1;204:0;205:2,5;206:2. Sedikit Lubang/Retakan;207:289,67;208:1. Iya;209:2. Tidak;210:1. Iya;211:0;212:1. < 40 Meter;213:1. Iya;214:2. Tidak;216:5;217:1;218:0;219:4;220:0;221:2. Tidak Ada;222:-;223:0;224:-;225:2. Tidak;226:Di RT 1,2 RW 3 ada 7 titik PJU di jl krisna;","1655185628226.jpg","2022-06-14 12:43:14",,"14",,"1","0"
"141","140622124709","7","Mohammad Sholeh Saadilah","-","-","-","183:SIDOARJO;184:Jl Dr soetomo;185:Kepala desa balongdowo ;186:Sholik;187:Kepala dusun balongdowo;188:2. Musrenbang;189:-;190:Candi;191:Balongdowo ;192:10S;193:150,48;194:6,7 dan 4,2;195:1;196:61271;197:7.621;199:3. Paving;200:4. Jalan lingkungan;201:-;202:2;204:0;205:3;206:1. Mulus (Tanpa Lubang);207:507;208:1. Iya;209:2. Tidak;210:2. Tidak;211:0;212:1. < 40 Meter;213:1. Iya;214:1. Iya;216:10;217:1;218:0;219:5;220:3;221:2. Tidak Ada;222:0;223:0;224:-;225:2. Tidak;226:Di lokasi Balong dowo ada 10 titik, 5 titik di RT/RW 6,7/1 jl dr Soetomo dan 5 titik di RT/RW 4,2/1 di jl Raden patah.;","1655186205164.jpg","2022-06-14 12:47:23",,"14",,"1","0"
"142","140622200027","7","Mohammad Sholeh Saadilah","-","-","-","183:SIDOARJO;184:Jl perum Surya resident;185:Kepala desa dukuh tengah;186:Tomi sabililah;187:Kepala dusun dukuh tengah timur;188:2. Musrenbang;189:-;190:buduran;191:Dukuh tengah;192:9S;193:148,648;194:1;195:4;196:61252;197:6.355;199:3. Paving;200:4. Jalan lingkungan;201:-;202:1;204:0;205:8;206:1. Mulus (Tanpa Lubang);207:283,80;208:1. Iya;209:1. Iya;210:1. Iya;211:0;212:1. < 40 Meter;213:1. Iya;214:1. Iya;216:11;217:2;218:0;219:0;220:0;221:2. Tidak Ada;222:Tidak ada;223:0;224:-;225:2. Tidak;226:Lokasi di RT 1 RW 4 ada 5 titik, lokasi PJU di sebelah kiri jalan;","1655212091495.jpg","2022-06-14 20:00:54",,"14",,"1","0"
"143","140622200812","7","Mohammad Sholeh Saadilah","-","-","-","183:SIDOARJO;184:Jl perum Surya resident;185:Kepala desa dukuh tengah;186:Tomi sabililah;187:Kepala dusun dukuh tengah timur;188:2. Musrenbang;189:-;190:buduran;191:Dukuh tengah;192:9S;193:148,648;194:1;195:5;196:61252;197:6.355;199:3. Paving;200:4. Jalan lingkungan;201:-;202:1;204:0;205:8;206:1. Mulus (Tanpa Lubang);207:167,31;208:1. Iya;209:1. Iya;210:1. Iya;211:0;212:1. < 40 Meter;213:1. Iya;214:1. Iya;216:7;217:1;218:0;219:0;220:0;221:2. Tidak Ada;222:Tidak ada;223:0;224:-;225:2. Tidak;226:Lokasi di RT 1 RW 5 ada 5 titik, lokasi titik PJU di sebelah kanan jalan, di desa dukuh tengah RW 6 tidak jadi di titik PJU, hanya di RW 4,5.;","1655212418630.jpg","2022-06-14 20:08:26",,"14",,"1","0"
"144","140622201339","7","Mohammad Sholeh Saadilah","-","-","-","183:SIDOARJO;184:Jl Kutuk barat;185:Lurah sidokare;186:ichwan;187:Kepala dusun;188:2. Musrenbang;189:-;190:Sidoarjo;191:Sidokare;192:4S;193:103,435;194:11,12,13;195:8;196:61214;197:16,156;199:1. Aspal;200:4. Jalan lingkungan;201:-;202:0;204:0;205:3;206:2. Sedikit Lubang/Retakan;207:370,18;208:1. Iya;209:2. Tidak;210:2. Tidak;211:0;212:1. < 40 Meter;213:1. Iya;214:2. Tidak;216:4;217:0;218:0;219:0;220:5;221:2. Tidak Ada;222:Tidak ada;223:0;224:-;225:1. Iya;226:Perubahan RT/RW di lokasi sidokare, sudah permohonan pengajuan di RT/RW 11,12,13/8;","1655212956945.jpg","2022-06-14 20:14:43",,"14",,"1","0"
"145","140622202238","7","Mohammad Sholeh Saadilah","-","-","-","183:SIDOARJO;184:Jl baloyo ;185:Lurah urangagung;186:Yetis april;187:Staff keuangan;188:2. Musrenbang;189:-;190:Sidoarjo;191:Urang agung;192:5S;193:144;194:7,9;195:3;196:61234;197:7.572;199:3. Paving;200:4. Jalan lingkungan;201:-;202:1;204:0;205:2,5;206:2. Sedikit Lubang/Retakan;207:368,55;208:1. Iya;209:2. Tidak;210:2. Tidak;211:0;212:1. < 40 Meter;213:1. Iya;214:2. Tidak;216:6;217:0;218:0;219:0;220:0;221:2. Tidak Ada;222:Tidak ada;223:0;224:-;225:2. Tidak;226:Pembangunan PJU di urangagung di RT 11,12,13 RW 3;","1655213362450.jpg","2022-06-14 20:22:52",,"14",,"1","0"
"146","140622204855","7","Nuzul Purnama Putra","-","-","-","183:Porong;184:Dusun Karang Ploso;185:-;186:Purwanto & Mulyadi;187:Perangkat Desa;188:3. Lainnya;189:-;190:Tulangan;191:Gelang;192:8P;193:193,44;194:2,3&4;195:4;196:-;197:4.523;199:1. Aspal;200:3. Jalan Lokal;201:;202:3;204:1;205:3,4;206:1. Mulus (Tanpa Lubang);207:506,6;208:1. Iya;209:2. Tidak;210:2. Tidak;211:0;212:1. < 40 Meter;213:1. Iya;214:2. Tidak;216:3;217:1;218:0;219:1;220:0;221:2. Tidak Ada;222:0;223:1;224:Penjambretan;225:2. Tidak;226:Jumlah titik PJU yang telah di sepakati oleh pihak desa dan dishub ada 16 titik;","1655214853907.jpg","2022-06-14 20:49:15",,"15",,"1","0"
"147","140622205415","7","Nuzul Purnama Putra","-","-","-","183:Porong;184:Jl Sawah Selatan;185:-;186:Muchsuin;187:Perangkat Desa;188:3. Lainnya;189:-;190:Tulangan;191:Gelang;192:7P;193:193,44;194:2;195:1;196:-;197:4.523;199:5. Tanah;200:4. Jalan lingkungan;201:;202:2;204:0;205:3,8;206:2. Sedikit Lubang/Retakan;207:512,5;208:1. Iya;209:2. Tidak;210:2. Tidak;211:0;212:3. Tidak Ada;213:2. Tidak;214:2. Tidak;216:2;217:0;218:0;219:2;220:3;221:2. Tidak Ada;222:0;223:2;224:Pencurian sepeda dan Pernah menjadi tempat pembuangan mayat;225:2. Tidak;226:Jumlah titik PJU di Rt 2 Rw 1 ada 16 ;","1655215504001.jpg","2022-06-14 20:55:07",,"15",,"1","0"
"148","140622210504","7","Nuzul Purnama Putra","-","-","-","183:Porong;184:Dusun Gelang;185:-;186:Muchsuin;187:Perangkat Desa;188:3. Lainnya;189:-;190:Tulangan;191:Gelang;192:6P;193:193,44;194:3;195:3;196:-;197:4.523;199:3. Paving;200:4. Jalan lingkungan;201:;202:1;204:0;205:3,7;206:1. Mulus (Tanpa Lubang);207:107,8;208:1. Iya;209:2. Tidak;210:2. Tidak;211:0;212:1. < 40 Meter;213:1. Iya;214:2. Tidak;216:5;217:1;218:0;219:1;220:3;221:2. Tidak Ada;222:0;223:1;224:Pencurian;225:2. Tidak;226:Jumlah titik PJU di Rt 3 Rw 3 ada 4 ;","1655215773027.jpg","2022-06-14 21:05:15",,"15",,"1","0"
"149","140622210933","7","Nuzul Purnama Putra","-","-","-","183:Porong;184:Dusun Gelang;185:-;186:Muchsuin;187:Perangkat Desa;188:3. Lainnya;189:-;190:Tulangan;191:Gelang;192:6P;193:193,44;194:1,2;195:3;196:-;197:4.523;199:1. Aspal;200:4. Jalan lingkungan;201:;202:1;204:0;205:3,9;206:1. Mulus (Tanpa Lubang);207:125,4;208:1. Iya;209:2. Tidak;210:2. Tidak;211:0;212:1. < 40 Meter;213:1. Iya;214:2. Tidak;216:7;217:2;218:0;219:0;220:2;221:2. Tidak Ada;222:0;223:1;224:Pencurian;225:2. Tidak;226:Jumlah titik PJU di Rt 1&2 Rw 3 ada 4;","1655216003046.jpg","2022-06-14 21:09:43",,"15",,"1","0"
"150","140622211324","7","Nuzul Purnama Putra","-","-","-","183:Porong;184:Dusun Gelang;185:-;186:Muchsuin;187:Perangkat Desa;188:3. Lainnya;189:-;190:Tulangan;191:Gelang;192:6P;193:193,44;194:3;195:1;196:-;197:4.523;199:3. Paving;200:4. Jalan lingkungan;201:;202:2;204:1;205:4,9;206:1. Mulus (Tanpa Lubang);207:284,4;208:1. Iya;209:2. Tidak;210:2. Tidak;211:0;212:1. < 40 Meter;213:1. Iya;214:2. Tidak;216:3;217:0;218:0;219:1;220:1;221:2. Tidak Ada;222:0;223:1;224:Pencurian;225:2. Tidak;226:Jumlah titik PJU di Rt 3 Rw 1 ada 8;","1655216276929.jpg","2022-06-14 21:13:38",,"15",,"1","0"
"151","140622211758","7","Nuzul Purnama Putra","-","-","-","183:Porong;184:Dusun Gelang;185:-;186:Muchsuin;187:Perangkat Desa;188:3. Lainnya;189:-;190:Tulangan;191:Gelang;192:6P;193:193,44;194:5;195:1;196:-;197:4.523;199:3. Paving;200:4. Jalan lingkungan;201:;202:2;204:0;205:3,3;206:1. Mulus (Tanpa Lubang);207:252,9;208:1. Iya;209:2. Tidak;210:2. Tidak;211:0;212:1. < 40 Meter;213:1. Iya;214:2. Tidak;216:4;217:0;218:0;219:3;220:5;221:2. Tidak Ada;222:0;223:1;224:Pencurian;225:2. Tidak;226:Jumlah titik PJU di Rt 5 Rw 1 ada 7;","1655216488056.jpg","2022-06-14 21:18:11",,"15",,"1","0"
"152","140622212129","7","Nuzul Purnama Putra","-","-","-","183:Porong;184:Jl Melani;185:-;186:Anang;187:Carik;188:3. Lainnya;189:-;190:Tanggulangin;191:Ganggang panjang;192:4P;193:-;194:3;195:1;196:-;197:-;199:3. Paving;200:4. Jalan lingkungan;201:;202:3;204:0;205:3,7;206:1. Mulus (Tanpa Lubang);207:364,8;208:1. Iya;209:2. Tidak;210:2. Tidak;211:0;212:1. < 40 Meter;213:1. Iya;214:2. Tidak;216:7;217:1;218:0;219:2;220:3;221:2. Tidak Ada;222:1;223:1;224:Pencurian;225:2. Tidak;226:Jumlah titik PJU di Rt 3 Rw 1 kurang lebih ada 7, karna lupa pas penghitungan saat kesepakatan awal;","1655217686846.jpg","2022-06-14 21:35:12",,"15",,"1","0"
"153","140622214127","7","Nuzul Purnama Putra","-","-","-","183:Porong;184:Dusun Balai Panjang;185:-;186:Anang;187:Carik;188:3. Lainnya;189:-;190:Tanggulangin;191:Ganggang panjang;192:4P;193:-;194:4;195:1;196:-;197:-;199:1. Aspal;200:4. Jalan lingkungan;201:;202:1;204:0;205:3,3;206:2. Sedikit Lubang/Retakan;207:253,4;208:1. Iya;209:2. Tidak;210:2. Tidak;211:0;212:1. < 40 Meter;213:1. Iya;214:2. Tidak;216:5;217:1;218:0;219:1;220:7;221:2. Tidak Ada;222:0;223:1;224:Pencurian Motor;225:2. Tidak;226:Jumlah titik PJU di Rt 4 Rw 1 kurang lebih ada 5;","1655217910502.jpg","2022-06-14 21:41:37",,"15",,"1","0"
"154","140622214512","7","Nuzul Purnama Putra","-","-","-","183:Porong;184:Dusun Luwung;185:Kepala Desa Ganggang Panjang;186:Anang;187:Carik;188:2. Musrenbang;189:;190:Tulangan;191:Ganggang panjang;192:11P;193:-;194:5&6;195:2;196:-;197:-;199:1. Aspal;200:4. Jalan lingkungan;201:;202:4;204:1;205:4,0;206:1. Mulus (Tanpa Lubang);207:563,7;208:1. Iya;209:2. Tidak;210:2. Tidak;211:0;212:1. < 40 Meter;213:1. Iya;214:2. Tidak;216:8;217:3;218:1;219:4;220:7;221:2. Tidak Ada;222:1;223:1;224:Pemalakan;225:2. Tidak;226:Jumlah titik PJU di Rt 5&6 Rw 2 kurang lebih ada 12;","1655218259477.jpg","2022-06-14 21:45:21",,"15",,"1","0"
"155","140622215100","7","Nuzul Purnama Putra","-","-","-","183:Porong;184:Dusun Luwung;185:Kepala Desa Ganggang Panjang;186:Anang;187:Carik;188:2. Musrenbang;189:;190:Tanggulangin;191:Ganggang panjang;192:12P;193:-;194:5&6;195:2;196:-;197:-;199:3. Paving;200:4. Jalan lingkungan;201:;202:4;204:1;205:4,1;206:1. Mulus (Tanpa Lubang);207:5232;208:1. Iya;209:2. Tidak;210:2. Tidak;211:0;212:2. > 40 Meter;213:1. Iya;214:2. Tidak;216:3;217:2;218:2;219:0;220:16;221:2. Tidak Ada;222:0;223:1;224:Tempat minum""an keras dan Pencurian;225:2. Tidak;226:Jumlah titik PJU di Rt 5&6 Rw 2 ada 10;","1655218588011.jpg","2022-06-14 21:51:37",,"15",,"1","0"
"156","160622110424","7","Mohammad Sholeh Saadilah","-","-","-","183:SIDOARJO;184:Jl perumahan mutiara citra asri;185:Kepala desa boro;186:Arif suprayogi;187:Kasi pemerintahan;188:2. Musrenbang;189:-;190:Tanggulangin ;191:Boro;192:14S;193:97;194:15-25;195:4-7;196:61272;197:4.425;199:3. Paving;200:4. Jalan lingkungan;201:-;202:2;204:1;205:4;206:1. Mulus (Tanpa Lubang);207:500;208:1. Iya;209:1. Iya;210:1. Iya;211:1;212:1. < 40 Meter;213:1. Iya;214:2. Tidak;216:5;217:2;218:0;219:0;220:3;221:2. Tidak Ada;222:Tidak ada;223:0;224:-;225:2. Tidak;226:Lokasi di perumahan citra asri desa boro berbatasan dg desa sumorame;","1655352581802.jpg","2022-06-16 11:04:37",,"14",,"1","0"
"157","160622110945","7","Mohammad Sholeh Saadilah","-","-","-","183:SIDOARJO;184:Jl mangga;185:Kepala desa boro;186:Arif suprayogi;187:Kasi pemerintahan;188:2. Musrenbang;189:-;190:Tanggulangin ;191:Boro;192:14S;193:97;194:11,12;195:3;196:61272;197:4.425;199:1. Aspal;200:4. Jalan lingkungan;201:-;202:1;204:1;205:2,5;206:2. Sedikit Lubang/Retakan;207:400;208:1. Iya;209:2. Tidak;210:2. Tidak;211:0;212:1. < 40 Meter;213:1. Iya;214:2. Tidak;216:4;217:2;218:0;219:0;220:3;221:2. Tidak Ada;222:-;223:0;224:-;225:1. Iya;226:Titik lokasi kedua di RT 11,12 RW 3 ;","1655352880786.jpg","2022-06-16 11:09:59",,"14",,"1","0"
"158","160622151645","7","Mohammad Sholeh Saadilah","-","-","-","183:SIDOARJO;184:Jl krembungan;185:Kepala desa kemiri;186:Andik Fadli kurniawan;187:Kepala dusun kemiri;188:2. Musrenbang;189:-;190:Sidoarjo;191:Kemiri;192:7S;193:299,619;194:7;195:3;196:61234;197:8.651;199:3. Paving;200:4. Jalan lingkungan;201:-;202:2;204:0;205:3,5;206:2. Sedikit Lubang/Retakan;207:433,43;208:1. Iya;209:2. Tidak;210:1. Iya;211:0;212:1. < 40 Meter;213:1. Iya;214:2. Tidak;216:2;217:0;218:0;219:2;220:6;221:2. Tidak Ada;222:1;223:0;224:-;225:2. Tidak;226:Lokasi PJU di RT 7 RW 3;","1655367853368.jpg","2022-06-16 15:16:58",,"14",,"1","0"
"159","060922152349","7","Khorina","a1","a1","a1",,"[""1662452683834.png"",""16624526838341.png""]","2022-09-06 15:24:01",,"13",,"1","0"
"160","070922113633","7","Khorina","a3","a3","a3",,,"2022-09-07 11:36:41",,"13",,"0","0"
"161","160922204536","7","Khorina","aaa","aaa","aaa",,,"2022-09-16 20:45:51",,"13",,"0","0"
"162","210922100820","7","Khorina","asik","asik","asik",,,"2022-09-21 10:09:01",,"13",,"0","0"
"163","210922101745","7","Khorina","asik 1","asik 1","asik 1",,,"2022-09-21 10:18:08",,"13",,"0","0"
"164","220922133102","7","Khorina","aaa","aaa","aaa",,,"2022-09-22 13:31:08",,"13",,"0","0"
"165","270922152936","8","Khorina","jn","51","41",,,"2022-09-27 15:29:51",,"13",,"0","0"
"166","111022103221","8","Khorina","asdsad","asd","das",,,"2022-10-11 10:32:30",,"13",,"0","0"
"167","131022130526","8","Khorina","asd","asd","asd",,,"2022-10-13 13:05:34",,"13",,"0","0"
"168","131022132318","8","Khorina",,,"cahyadi","276:2. Tidak;295:2. Tidak;300:;301:;302:;303:2. Tidak;304:2. Tidak;307:2. Tidak;308:;309:;231:;232:;235:;237:;241:;242:;243:;244:;245:;246:;247:;248:;250:;252:3. Mobil Penumpang;322:2. Tidak;323:2. Tidak;327:;328:;329:;336:;337:;338:;","[""1665767871983.PNG""]","2022-10-13 13:23:41",,"13",,"1","0"
"169","131022162653","8","Khorina",,,"m",,,"2022-10-13 16:27:04",,"13",,"0","0"
"170","141022150950","8","Yuyun",,,".",,,"2022-10-14 15:10:00",,"17",,"0","0"
"171","141022154442","8","Khorina",,,".",,,"2022-10-14 15:45:50",,"13",,"0","0"
"172","141022143438","8","Allan Adriyanda","sa","as","as",,,"2022-10-14 16:11:48",,"16",,"0","0"
"173","141022204550","8","Khorina","a","a","a",,,"2022-10-14 20:45:58",,"13",,"0","0"
"174","141022220613","8","Khorina",,,".",,,"2022-10-14 22:06:22",,"13",,"0","0"
"175","141022222815","8","Khorina","a","a","a",,,"2022-10-14 22:28:32",,"13",,"0","0"
"176","141022235918","8","Khorina","aa","aa","aa",,,"2022-10-14 23:59:25",,"13",,"0","0"
"177","151022011253","8","Khorina","A","-","A",,,"2022-10-15 01:13:17",,"13",,"0","0"
"178","151022093139","8","Khorina","qweq","eqwe","eqwe",,,"2022-10-15 09:31:46",,"13",,"0","0"
"179","171022071433","8","Khorina",,"SU1","Cahyadi",,,"2022-10-17 07:14:46",,"13",,"0","0"
"180","171022094200","8","Khorina",,"SU1_2","Cahyadi",,,"2022-10-17 09:47:22",,"13",,"0","0"
"181","171022092710","8","Rafhin",,,"Ff",,,"2022-10-17 09:52:30",,"21",,"0","0"
"182","171022093149","8","Allan Adriyanda",,"SU1_1","Allan",,,"2022-10-17 09:52:38",,"16",,"0","0"
"183","171022093029","8","Rinto",,"SU_1","Rinto","300:;301:;302:;308:;309:;383:;223:;","[""1665976501219.jpg""]","2022-10-17 09:52:45",,"20",,"1","0"
"184","171022094208","8","Akbar",,"T1.Sudirman","Amin",,,"2022-10-17 09:52:49",,"18",,"0","0"
"185","171022093146","8","Ikhsan",,"DI_1","ZIKRI",,,"2022-10-17 09:52:57",,"22",,"0","0"
"186","171022094211","8","Amin",,"T1_budikemuyaan","Abu",,,"2022-10-17 09:53:01",,"19",,"0","0"
"187","171022100708","8","Akbar",,"SU.1","Amin",,,"2022-10-17 10:08:01",,"18",,"0","0"
"188","171022100810","8","Akbar",,"T1.Sudirman","Amin",,,"2022-10-17 10:08:32",,"18",,"0","0"
"189","171022101110","8","Rafhin",,,"Fhinn",,,"2022-10-17 10:11:52",,"21",,"0","0"
"190","171022101139","8","Akbar",,"T3.Sudirman","Amin",,,"2022-10-17 10:12:07",,"18",,"0","0"
"191","171022101355","8","Allan Adriyanda",,,"Allan",,,"2022-10-17 10:14:11",,"16",,"0","0"
"192","171022101442","8","Amin",,"T1_budikemuyaan","Abu",,,"2022-10-17 10:14:59",,"19",,"0","0"
"193","171022150709","8","Khorina",,,".",,,"2022-10-17 15:07:21",,"13",,"0","0"
"194","171022162541","8","Allan Adriyanda",,,"Allan","223:SU1_1;224:Jalan perumnas payaroba medan;227:Binjai barat;228:Binjai barat;229:BE1134AAC;230:Laki - Laki,;231:2000;232:083873447879;233:2. SMA/SMK/Sederajat;234:1. Belum Kawin;235:4;236:2. Tidak;237:;238:1. Berusaha Sendiri;239:3. 3,5 Juta - 5,49 Juta;241:1;242:;243:;244:;245:;246:;247:;248:;250:;252:3. Mobil Penumpang;322:1. Ya;323:1. Ya;324:1. Ya;325:1. Ya;326:1. Ya;327:5000;328:Agar kualitas layanan parkir bertambah;329:Karena sudah sesuai dengan tarif nya;330:2. Tidak;336:;337:;338:Karena sudah sesuai tarif nya;356:1. Bekerja;357:;358:3. 4 - 5 kali/Minggu;359:4. 121 - 180 Menit;360:5. 60 Menit <;361:3000;362:500.000;363:3. Mudah;364:2. Kurang Sesuai;365:2. Kurang Sesuai;366:1. Tidak Ramah;367:2. Kurang;368:2. Tidak Setuju;369:3. Setuju;370:3. Mudah;371:2. Menyulitkan;372:2. Menyulitkan;373:1. Belum Ada Rambu/Marka Parkir;","[""1666000301649.jpg"",""16660003016491.jpg""]","2022-10-17 16:26:05",,"16",,"1","0"
"195","171022221431","8","Rinto",,,"A",,,"2022-10-17 22:14:48",,"20",,"0","0"
